,MotID,LidID,EinstID,Timastimpill
0,1,27,524,2001-02-09 19:49:31.820
1,1,37,634,2001-02-09 19:49:31.820
2,1,39,472,2001-02-09 19:49:31.820
3,1,52,246,2001-02-09 19:49:31.820
4,1,53,80,2001-02-09 19:49:31.820
5,1,54,175,2001-02-09 19:49:31.820
6,1,55,202,2001-02-09 19:49:31.820
7,1,60,531,2001-02-09 19:49:31.820
8,1,61,455,2001-02-09 19:49:31.820
9,1,71,453,2001-02-09 19:49:31.820
10,1,72,162,2001-02-09 19:49:31.820
11,1,73,479,2001-02-09 19:49:31.820
12,1,79,306,2001-02-09 19:49:31.820
13,1,85,285,2001-02-09 19:49:31.820
14,1,89,85,2001-02-09 19:49:31.820
15,1,91,30,2001-02-09 19:49:31.820
16,1,91,182,2001-02-09 19:49:31.820
17,1,93,313,2001-02-09 19:49:31.820
18,1,95,416,2001-02-09 19:49:31.820
19,1,98,622,2001-02-09 19:49:31.820
20,1,102,282,2001-02-09 19:49:31.820
21,1,110,527,2001-02-09 19:49:31.820
22,1,111,579,2001-02-09 19:49:31.820
23,1,112,139,2001-02-09 19:49:31.820
24,1,115,108,2001-02-09 19:49:31.820
25,1,119,355,2001-02-09 19:49:31.820
26,1,123,210,2001-02-09 19:49:31.820
27,1,125,112,2001-02-09 19:49:31.820
28,1,126,597,2001-02-09 19:49:31.820
29,1,127,473,2001-02-09 19:49:31.820
30,1,144,544,2001-02-09 19:49:31.820
31,1,149,361,2001-02-09 19:49:31.820
32,1,153,75,2001-02-09 19:49:31.820
33,2,19,554,2001-04-27 23:12:31.553
34,2,27,453,2001-04-26 11:21:59.913
35,2,36,368,2001-04-07 21:39:25.937
36,2,37,634,2001-04-07 14:44:21.233
37,2,38,172,2001-04-07 14:58:49.563
38,2,39,365,2001-04-05 10:00:51.803
39,2,42,445,2001-04-17 12:25:24.620
40,2,52,246,2001-04-13 14:43:08.660
41,2,53,19,2001-04-16 20:54:08.637
42,2,54,175,2001-04-13 14:59:24.077
43,2,55,202,2001-04-06 15:44:45.283
44,2,61,455,2001-04-14 22:19:35.637
45,2,72,162,2001-04-26 23:18:57.190
46,2,73,479,2001-04-10 09:14:43.970
47,2,79,306,2001-04-04 14:57:42.610
48,2,85,264,2001-04-25 13:35:04.540
49,2,89,397,2001-04-10 09:14:40.833
50,2,90,242,2001-04-10 09:31:45.597
51,2,93,461,2001-04-07 19:44:32.520
52,2,94,875,2001-04-17 16:19:43.563
53,2,98,599,2001-04-11 22:53:17.303
54,2,102,282,2001-04-11 22:31:11.487
55,2,112,139,2001-04-10 09:17:23.877
56,2,118,588,2001-04-14 16:11:59.160
57,2,125,112,2001-04-13 18:02:16.377
58,2,126,415,2001-04-13 18:12:34.990
59,2,127,345,2001-04-25 18:18:20.333
60,2,145,805,2001-04-14 16:59:51.193
61,2,148,343,2001-04-26 19:14:33.117
62,2,168,729,2001-04-07 19:58:00.810
63,2,351,380,2001-04-11 17:06:52.670
64,2,352,883,2001-04-17 21:16:45.680
65,2,354,597,2001-04-13 18:35:58.833
66,2,356,114,2001-04-14 16:35:02.410
67,2,360,818,2001-04-25 11:24:15.267
68,2,361,826,2001-04-26 00:04:14.750
69,2,363,889,2001-04-17 23:41:23.110
70,2,363,894,2001-04-19 09:57:25.577
71,2,406,908,2001-04-20 20:28:08.700
72,3,27,453,2001-04-10 11:35:18.743
73,3,71,479,2001-04-10 11:24:55.063
74,3,125,112,2001-03-30 12:26:22.160
75,6,19,554,2001-11-13 09:55:32.640
76,6,60,531,2001-11-13 13:14:11.357
77,6,72,178,2001-12-11 19:03:30.623
78,6,79,306,2001-11-15 09:55:48.810
79,6,98,599,2001-11-12 13:15:11.500
80,6,125,112,2001-11-07 10:59:41.030
81,7,27,453,2001-12-11 19:12:52.327
82,7,71,6,2001-12-11 19:12:25.983
83,7,72,493,2001-12-11 19:09:44.450
84,7,110,527,2001-11-16 11:18:59.183
85,7,351,380,2001-11-21 10:24:09.483
86,8,27,524,2002-01-01 12:39:48.670
87,8,52,246,2001-12-18 10:11:02.593
88,8,54,175,2001-12-18 10:18:37.247
89,8,73,479,2002-01-01 12:41:34.903
90,8,90,242,2001-12-18 09:00:16.733
91,8,112,139,2001-12-18 08:51:43.123
92,11,52,246,2002-02-27 16:28:51.280
93,11,54,175,2002-03-02 12:54:19.200
94,11,71,453,2002-03-03 17:48:11.183
95,11,354,597,2002-03-01 20:57:39.717
96,11,583,397,2002-02-28 16:09:13.107
97,14,71,453,2002-04-16 13:02:44.700
98,14,72,162,2002-04-16 13:04:08.013
99,15,23,143,2002-03-29 22:15:59.890
100,15,27,621,2002-05-01 11:06:39.357
101,15,29,851,2002-03-29 22:09:10.187
102,15,34,169,2002-04-15 13:28:31.000
103,15,37,634,2002-03-07 21:34:39.700
104,15,38,172,2002-04-02 08:11:50.343
105,15,39,1034,2002-04-05 09:48:51.810
106,15,43,869,2002-04-15 23:39:17.843
107,15,44,485,2002-04-14 15:48:11.810
108,15,52,246,2002-03-20 11:02:45.810
109,15,54,175,2002-03-20 11:05:07.543
110,15,60,209,2002-04-08 22:19:40.343
111,15,61,455,2002-04-08 22:02:40.420
112,15,71,453,2002-03-19 13:09:51.123
113,15,72,162,2002-03-27 12:01:14.607
114,15,73,217,2002-05-01 11:19:06.123
115,15,85,533,2002-04-11 19:50:37.560
116,15,89,397,2002-05-02 10:48:31.653
117,15,94,715,2002-04-09 16:33:06.373
118,15,108,506,2002-04-12 12:47:19.730
119,15,109,269,2002-04-12 12:35:34.763
120,15,111,579,2002-05-03 10:49:18.437
121,15,112,139,2002-04-09 09:39:04.280
122,15,118,487,2002-04-29 12:36:25.950
123,15,125,112,2002-04-29 08:43:11.217
124,15,125,472,2002-04-26 08:14:16.297
125,15,126,1151,2002-04-29 08:46:54.077
126,15,129,413,2002-04-23 23:07:54.530
127,15,132,70,2002-04-24 09:47:25.373
128,15,132,327,2002-04-24 10:20:13.547
129,15,138,177,2002-04-19 09:25:46.233
130,15,140,153,2002-04-15 15:35:35.950
131,15,148,343,2002-04-16 19:57:47.280
132,15,152,228,2002-04-26 10:23:34.153
133,15,166,337,2002-04-05 14:16:59.327
134,15,170,1187,2002-05-07 22:07:32.547
135,15,171,894,2002-05-01 14:54:27.700
136,15,351,380,2002-04-12 09:48:46.327
137,15,352,878,2002-04-25 20:07:47.857
138,15,354,597,2002-04-29 08:48:38.043
139,15,354,782,2002-04-26 08:29:35.450
140,15,360,818,2002-04-07 20:49:51.093
141,15,361,826,2002-04-07 21:00:44.513
142,15,458,1056,2002-04-09 17:11:20.373
143,15,458,1057,2002-04-09 17:12:31.763
144,15,459,513,2002-04-13 18:57:35.687
145,15,464,345,2002-04-23 23:30:48.467
146,15,587,242,2002-05-02 13:29:32.607
147,15,658,905,2002-04-05 14:19:50.200
148,15,766,1198,2002-05-08 11:26:59.950
149,15,853,19,2002-05-04 19:22:29.170
150,17,676,1083,2002-04-13 08:41:17.200
151,17,685,185,2002-04-13 08:56:58.827
152,17,693,1087,2002-04-13 23:44:43.513
153,22,79,1245,2002-11-08 10:35:44.810
154,22,93,461,2002-11-08 10:48:22.833
155,22,168,726,2002-11-08 11:01:55.050
156,22,658,905,2002-11-04 19:46:40.233
157,22,1044,251,2002-11-05 21:25:07.733
158,22,1088,47,2002-11-13 00:40:19.550
159,24,1019,752,2002-11-05 22:26:05.623
160,25,1019,524,2002-11-13 13:25:42.253
161,25,1021,54,2002-10-11 20:14:10.653
162,26,52,175,2002-11-12 14:55:19.143
163,26,52,246,2002-11-12 14:55:14.737
164,26,89,397,2002-11-07 13:19:35.827
165,26,351,380,2002-11-13 17:28:39.613
166,26,587,242,2002-11-07 13:30:54.093
167,27,674,1083,2002-11-06 08:08:53.483
168,27,676,1083,2002-11-04 13:02:57.857
169,27,681,1026,2002-11-07 17:18:31.590
170,27,682,143,2002-11-07 17:10:34.060
171,27,683,189,2002-11-07 17:11:40.340
172,27,684,1240,2002-11-07 17:13:56.233
173,27,685,1241,2002-11-07 17:15:07.903
174,27,687,1026,2002-11-07 17:16:33.310
175,27,688,1026,2002-11-07 17:17:32.373
176,27,689,852,2002-11-07 17:09:16.433
177,27,1070,1153,2002-11-07 17:22:23.467
178,27,1071,1153,2002-11-07 17:23:34.653
179,27,1072,1153,2002-11-07 17:24:25.733
180,28,85,533,2003-01-09 08:26:07.853
181,28,1196,513,2003-01-06 00:18:36.013
182,28,1197,455,2003-01-08 15:57:53.960
183,29,27,750,2002-12-30 23:29:44.640
184,29,52,246,2002-12-23 10:52:38.297
185,29,54,175,2002-12-23 10:55:12.013
186,29,71,178,2002-12-30 23:33:40.733
187,29,72,178,2002-12-30 23:35:36.780
188,29,125,1251,2003-01-02 12:41:25.253
189,29,126,1150,2002-12-30 02:52:20.873
190,29,132,70,2002-12-26 22:16:58.377
191,29,132,327,2002-12-26 22:16:58.377
192,29,351,380,2002-12-28 11:58:45.727
193,29,354,335,2003-01-02 12:36:22.280
194,29,363,894,2002-12-30 23:31:44.890
195,29,1176,1202,2003-01-02 18:02:15.097
196,31,363,894,2003-03-27 11:41:16.623
197,31,363,1266,2003-03-27 11:39:25.390
198,31,510,1004,2003-03-11 11:05:19.437
199,31,1019,630,2003-04-02 10:18:11.513
200,31,1176,1202,2003-04-02 15:31:38.280
201,32,52,246,2003-01-17 14:28:27.747
202,32,54,175,2003-01-20 15:31:51.623
203,32,363,894,2003-01-22 11:24:58.870
204,32,1205,1283,2003-01-24 14:43:22.330
205,33,52,246,2003-02-26 16:07:00.123
206,33,54,175,2003-02-26 16:13:52.123
207,33,363,1266,2003-03-03 13:32:15.810
208,33,1049,153,2003-03-07 09:19:03.233
209,34,39,472,2003-04-27 14:20:00.890
210,34,52,246,2003-03-20 16:51:51.700
211,34,53,513,2003-03-27 23:35:10.340
212,34,54,175,2003-03-20 16:53:58.560
213,34,55,447,2003-03-31 13:18:26.937
214,34,60,1050,2003-04-01 07:46:18.730
215,34,61,455,2003-04-01 07:51:09.780
216,34,79,1245,2003-03-31 11:20:23.123
217,34,85,285,2003-03-26 21:53:18.217
218,34,89,397,2003-04-29 12:12:17.950
219,34,90,85,2003-04-29 12:13:27.983
220,34,93,461,2003-03-31 11:26:48.890
221,34,95,174,2003-04-15 07:41:00.810
222,34,118,1153,2003-04-01 15:05:30.030
223,34,138,177,2003-04-01 16:25:37.607
224,34,140,153,2003-04-01 16:40:36.217
225,34,148,343,2003-04-29 12:10:56.763
226,34,153,47,2003-03-26 13:32:02.123
227,34,154,158,2003-03-31 22:25:12.797
228,34,170,1187,2003-03-24 16:25:19.340
229,34,171,1316,2003-03-24 16:39:48.483
230,34,351,380,2003-04-01 11:06:10.357
231,34,352,1416,2003-04-23 16:00:19.857
232,34,356,588,2003-04-01 15:48:50.280
233,34,363,1266,2003-04-13 12:49:20.497
234,34,512,291,2003-04-15 15:56:30.983
235,34,1014,453,2003-04-25 14:37:10.560
236,34,1015,453,2003-04-25 14:48:48.310
237,34,1073,1026,2003-04-03 08:56:23.670
238,34,1088,47,2003-03-26 13:35:12.593
239,34,1209,1026,2003-03-04 19:05:12.903
240,34,1255,1004,2003-03-15 17:50:25.733
241,34,1264,1364,2003-04-01 14:31:10.043
242,34,1272,439,2003-04-01 15:32:27.000
243,34,1377,579,2003-04-23 08:53:08.153
244,35,127,473,2003-03-13 20:48:17.793
245,35,145,797,2003-03-14 16:25:06.543
246,35,658,905,2003-03-10 16:44:23.717
247,36,671,1202,2003-04-08 03:08:54.297
248,38,1049,153,2003-03-20 13:47:19.607
249,39,23,143,2003-02-07 17:32:16.403
250,39,38,172,2003-02-07 17:47:07.247
251,39,85,533,2003-02-07 17:35:55.107
252,39,170,1187,2003-02-07 17:45:37.153
253,39,171,894,2003-02-07 17:41:56.843
254,39,356,1153,2003-02-07 17:42:22.217
255,40,676,1083,2003-04-03 20:26:10.140
256,40,682,143,2003-04-08 21:01:44.717
257,40,683,189,2003-04-08 21:02:59.340
258,40,687,1026,2003-04-08 21:04:30.780
259,40,689,852,2003-04-08 21:00:40.500
260,43,156,265,2003-11-11 19:19:00.687
261,43,1460,724,2003-11-04 14:03:45.547
262,44,61,455,2003-11-25 18:26:04.733
263,44,71,630,2003-11-16 17:40:39.480
264,44,93,130,2003-11-25 09:05:19.170
265,44,170,1187,2003-11-16 13:04:53.187
266,44,171,1316,2003-11-16 13:10:11.937
267,44,458,231,2003-11-24 21:59:04.343
268,44,463,282,2003-11-25 13:26:38.717
269,44,671,1202,2003-11-13 01:20:36.013
270,44,1470,993,2003-11-25 16:28:13.717
271,45,72,178,2003-10-03 18:29:57.280
272,46,1010,1153,2003-10-10 16:15:05.560
273,46,1011,1370,2003-10-10 16:10:30.890
274,46,1019,185,2003-10-09 14:04:31.653
275,46,1021,54,2003-10-09 14:12:10.233
276,46,1033,54,2003-10-10 16:07:20.827
277,46,1049,153,2003-10-25 17:59:45.623
278,47,79,130,2004-03-25 09:43:38.623
279,47,93,461,2004-03-25 09:49:47.187
280,47,458,1469,2004-03-24 20:01:17.937
281,48,27,621,2003-12-30 08:30:13.810
282,48,54,175,2003-12-29 14:34:17.857
283,48,132,70,2003-12-27 15:24:00.700
284,48,510,1004,2003-12-21 13:24:12.450
285,48,510,1009,2003-12-21 12:53:00.577
286,48,763,1330,2003-12-19 17:11:11.090
287,48,1049,153,2003-12-29 16:24:04.030
288,48,1499,1457,2003-12-30 14:44:11.263
289,49,463,282,2004-01-06 20:30:35.530
290,49,1197,455,2004-01-06 17:39:15.530
291,50,1049,153,2004-01-19 11:53:19.717
292,53,54,175,2004-03-03 13:28:55.577
293,53,658,905,2004-02-16 14:37:26.030
294,53,1255,997,2004-02-17 12:33:08.247
295,53,1255,1009,2004-02-17 12:32:29.077
296,53,1616,421,2004-03-03 13:28:42.263
297,54,27,621,2004-03-21 15:15:35.140
298,54,37,1299,2004-03-24 21:59:55.953
299,54,39,1034,2004-03-30 10:41:08.437
300,54,52,246,2004-03-31 14:34:09.593
301,54,54,175,2004-03-31 14:38:15.577
302,54,55,237,2004-03-29 10:56:33.950
303,54,61,455,2004-03-31 15:31:06.700
304,54,71,1022,2004-03-21 15:24:47.577
305,54,79,130,2004-04-01 13:20:04.403
306,54,93,461,2004-04-01 13:26:08.043
307,54,95,174,2004-03-24 15:16:51.890
308,54,102,282,2004-03-31 15:08:47.200
309,54,118,1153,2004-03-30 22:03:42.280
310,54,170,1321,2004-03-27 14:54:55.247
311,54,170,1322,2004-03-27 14:54:39.983
312,54,171,1316,2004-03-27 15:02:47.530
313,54,360,818,2004-03-31 22:05:51.840
314,54,361,825,2004-03-31 22:28:18.157
315,54,505,177,2004-04-14 00:06:01.420
316,54,658,544,2004-03-30 11:34:46.263
317,54,763,1330,2004-03-30 19:57:28.857
318,54,768,486,2004-03-23 22:25:30.670
319,54,856,127,2004-03-30 16:56:40.310
320,54,1088,47,2004-03-30 22:33:37.543
321,54,1176,1202,2004-03-09 01:18:04.280
322,54,1255,528,2004-03-19 15:31:10.997
323,54,1255,1005,2004-03-19 15:30:55.733
324,54,1471,544,2004-03-30 11:25:52.310
325,54,1693,812,2004-04-01 15:07:03.233
326,55,1014,630,2004-03-31 10:04:39.030
327,55,1049,153,2004-03-19 08:26:50.827
328,55,1255,1001,2004-03-28 19:29:20.577
329,55,1255,1004,2004-03-28 19:28:20.403
330,55,1435,162,2004-03-30 14:01:44.263
331,56,39,1034,2004-03-23 09:35:41.357
332,56,54,175,2004-03-24 11:20:30.390
333,56,71,1022,2004-03-24 18:28:47.543
334,56,360,1044,2004-03-21 16:01:07.200
335,56,1014,630,2004-03-15 16:32:43.090
336,56,1255,1004,2004-03-22 15:01:45.077
337,56,1435,1202,2004-03-09 00:12:08.077
338,58,1616,1308,2004-03-17 13:34:10.703
339,59,71,6,2004-09-22 18:59:40.407
340,59,1010,1153,2004-09-22 21:47:47.590
341,59,1011,1370,2004-09-09 12:25:12.013
342,59,1019,185,2004-09-09 12:22:14.437
343,59,1021,54,2004-09-16 09:28:50.653
344,59,1022,689,2004-08-18 14:14:55.403
345,61,1744,965,2004-08-23 13:12:21.920
346,61,1752,1583,2004-08-30 09:32:43.857
347,61,1760,1436,2004-09-01 18:51:33.560
348,63,27,621,2004-11-17 22:02:02.230
349,63,39,1632,2004-11-16 08:48:10.050
350,64,1010,1153,2004-09-30 18:06:57.513
351,64,1011,1370,2004-09-30 18:05:48.590
352,64,1019,185,2004-09-30 17:48:51.610
353,64,1021,54,2004-09-30 17:46:13.357
354,64,1022,689,2004-09-30 17:43:18.060
355,65,27,621,2004-10-19 23:12:25.247
356,65,71,6,2004-10-19 23:18:09.950
357,65,110,245,2004-10-20 09:59:31.857
358,65,1255,1004,2004-10-21 00:04:15.763
359,65,1579,293,2004-10-20 22:46:51.793
360,65,1616,421,2004-10-15 13:29:59.373
361,66,61,455,2004-11-09 23:08:40.940
362,66,79,130,2004-11-16 12:55:19.430
363,66,79,723,2004-11-18 08:58:15.790
364,66,93,729,2004-11-19 09:19:58.823
365,66,463,282,2004-11-15 22:07:12.720
366,66,1014,630,2004-11-07 19:16:16.953
367,66,1015,961,2004-11-15 23:07:00.540
368,66,1089,475,2004-11-15 21:52:54.337
369,66,1457,545,2004-11-17 12:11:10.777
370,66,1457,678,2004-11-17 12:07:39.930
371,66,1867,204,2004-11-17 21:41:32.493
372,67,27,621,2004-11-03 21:04:35.160
373,67,360,1044,2004-11-02 22:20:25.423
374,67,1460,724,2004-11-01 16:40:00.357
375,67,1616,1308,2004-11-03 14:54:13.190
376,68,22,1236,2005-04-19 10:45:08.420
377,68,37,1299,2005-04-04 09:16:22.810
378,68,39,365,2005-04-04 09:15:05.560
379,68,55,237,2005-04-04 08:34:50.153
380,68,61,455,2005-04-05 15:53:26.843
381,68,79,130,2005-04-04 21:21:29.357
382,68,90,85,2005-03-23 09:36:09.323
383,68,93,130,2005-04-04 21:33:49.700
384,68,95,1884,2005-04-19 08:33:30.780
385,68,129,936,2005-04-20 23:42:29.140
386,68,132,1848,2005-04-12 22:31:25.357
387,68,140,153,2005-03-11 13:49:50.760
388,68,156,1074,2005-04-19 11:02:32.217
389,68,170,1320,2005-04-03 22:45:21.340
390,68,171,1159,2005-04-03 22:59:51.937
391,68,351,31,2005-04-03 22:03:49.983
392,68,351,421,2005-04-03 22:05:16.450
393,68,361,1383,2005-03-31 23:14:49.593
394,68,459,80,2005-04-04 22:00:05.030
395,68,463,282,2005-04-06 12:36:58.093
396,68,482,691,2005-04-19 11:03:09.327
397,68,498,245,2005-04-18 14:26:00.153
398,68,499,579,2005-04-08 10:35:30.077
399,68,505,177,2005-03-11 13:43:35.277
400,68,510,1004,2005-03-08 17:48:49.463
401,68,510,1645,2005-03-08 17:49:04.603
402,68,658,544,2005-03-07 23:42:10.730
403,68,856,127,2005-04-05 13:20:06.653
404,68,1014,453,2005-03-27 23:38:14.233
405,68,1015,322,2005-03-27 23:42:43.327
406,68,1015,393,2005-03-27 23:44:20.153
407,68,1089,475,2005-04-06 12:40:14.780
408,68,1175,1495,2005-04-10 19:33:09.483
409,68,1395,1611,2005-04-19 14:13:01.013
410,68,1689,642,2005-04-18 23:49:03.250
411,68,1693,993,2005-03-30 08:43:06.577
412,68,1839,128,2005-04-04 08:26:56.250
413,68,1954,1823,2005-04-09 11:02:20.967
414,68,2184,1745,2005-03-17 08:03:19.870
415,68,2227,1768,2005-03-29 14:03:03.560
416,68,2239,1794,2005-04-04 15:31:24.717
417,68,2243,1366,2005-04-05 18:15:02.640
418,69,39,537,2005-01-27 08:07:31.637
419,69,39,1632,2005-01-27 08:07:40.340
420,69,1019,630,2005-01-21 08:37:44.870
421,69,1049,153,2005-01-26 14:07:21.027
422,69,1086,1283,2005-01-25 21:45:59.730
423,69,1175,1495,2005-01-20 14:32:43.150
424,69,1205,1280,2005-01-25 21:39:21.493
425,69,1255,1004,2005-01-26 23:04:37.480
426,70,27,630,2005-03-02 00:53:48.980
427,70,95,1082,2005-03-02 11:34:32.027
428,70,156,1708,2005-02-28 08:47:26.713
429,70,360,1044,2005-02-27 17:41:24.027
430,70,482,1708,2005-02-28 08:52:51.040
431,70,498,245,2005-03-02 09:27:26.430
432,70,498,329,2005-03-02 09:27:33.340
433,70,499,1154,2005-03-02 09:34:35.290
434,70,1255,1004,2005-02-24 19:43:59.120
435,70,1675,354,2005-02-23 15:41:31.057
436,71,79,723,2005-01-06 11:21:28.870
437,71,79,729,2005-01-06 11:22:14.230
438,71,93,728,2005-01-06 11:24:31.497
439,71,1087,1112,2005-01-04 20:29:42.370
440,72,27,621,2005-01-02 16:50:11.243
441,72,126,112,2005-01-07 09:08:54.057
442,72,132,440,2004-12-28 21:01:08.137
443,72,763,1330,2004-12-29 15:43:07.823
444,72,1015,630,2005-01-04 22:27:51.290
445,72,1024,177,2005-01-04 09:12:09.090
446,72,1049,153,2005-01-04 09:09:21.463
447,72,1255,1004,2005-01-02 21:26:03.307
448,73,115,31,2005-02-16 22:46:42.917
449,73,115,421,2005-02-16 22:46:21.963
450,73,360,1044,2005-02-16 21:43:41.980
451,73,1616,129,2005-02-16 21:38:14.510
452,73,1616,1308,2005-02-16 21:38:35.557
453,75,90,85,2005-03-14 09:57:18.447
454,75,360,1044,2005-03-16 20:11:06.323
455,75,1020,630,2005-03-16 02:01:15.637
456,75,1255,1004,2005-03-12 16:58:07.323
457,75,2130,1495,2005-03-11 15:23:57.243
458,75,2131,1601,2005-03-11 15:25:32.277
459,77,79,723,2005-03-29 21:19:57.937
460,77,79,729,2005-03-29 21:22:10.887
461,77,93,728,2005-03-29 21:24:51.123
462,77,93,1245,2005-03-29 21:25:05.873
463,77,1469,80,2005-03-29 13:24:15.590
464,78,90,85,2005-03-30 23:21:09.623
465,78,140,153,2005-03-17 09:37:46.730
466,78,505,177,2005-03-17 09:38:35.900
467,78,1019,630,2005-03-30 18:50:23.327
468,78,1255,1004,2005-03-29 23:57:30.280
469,78,1616,31,2005-03-30 20:05:59.310
470,78,1616,421,2005-03-30 20:06:29.733
471,80,2342,335,2005-07-01 14:52:26.497
472,80,2344,1677,2005-06-22 12:32:10.343
473,80,2346,76,2005-06-22 12:44:37.560
474,80,2346,1912,2005-06-22 12:43:31.500
475,80,2358,361,2005-06-29 10:10:31.763
476,81,108,506,2006-02-07 14:49:19.653
477,81,1675,354,2006-02-03 12:51:52.060
478,81,2457,1984,2006-02-10 23:01:04.403
479,82,93,729,2005-11-23 18:18:30.980
480,82,2417,1010,2005-11-23 20:18:27.903
481,83,354,398,2005-10-21 14:18:04.483
482,83,1019,621,2005-10-19 00:33:30.403
483,83,1438,1589,2005-10-19 14:57:33.200
484,84,27,621,2005-09-24 15:37:48.670
485,84,1011,76,2005-09-28 11:27:23.827
486,84,1019,76,2005-09-27 16:42:11.810
487,84,1023,1589,2005-09-29 10:36:04.433
488,84,1438,1589,2005-09-29 10:39:53.107
489,85,22,149,2005-11-01 22:39:48.467
490,85,108,506,2005-11-02 21:35:39.670
491,86,108,506,2006-01-09 22:36:25.590
492,86,132,440,2006-01-10 13:13:06.467
493,86,138,177,2006-01-10 09:21:26.090
494,86,140,153,2006-01-10 09:24:27.793
495,86,354,398,2006-01-10 13:13:18.640
496,86,763,1330,2006-01-10 19:50:19.170
497,86,1045,1056,2006-01-10 15:10:09.123
498,86,1255,1004,2006-01-09 16:36:17.827
499,87,1019,453,2006-01-25 15:45:23.467
500,87,1049,153,2006-01-24 01:03:52.500
501,88,27,621,2006-03-03 21:30:16.263
502,88,108,506,2006-03-06 22:34:07.450
503,88,768,486,2006-03-06 21:01:27.890
504,88,1255,1004,2006-02-28 13:36:13.233
505,88,2457,1919,2006-03-08 23:12:14.217
506,89,79,729,2006-01-05 09:48:34.437
507,89,93,728,2006-01-05 09:53:34.250
508,89,1694,345,2006-01-04 21:37:23.250
509,91,18,452,2006-03-30 16:59:26.920
510,91,22,149,2006-04-03 22:16:04.077
511,91,37,1299,2006-03-20 21:18:17.327
512,91,39,932,2006-03-30 14:59:07.013
513,91,61,531,2006-04-03 22:44:42.560
514,91,79,729,2006-04-03 13:13:42.607
515,91,90,85,2006-04-25 21:45:00.420
516,91,91,873,2006-04-03 15:11:59.293
517,91,93,140,2006-04-03 17:27:44.437
518,91,93,728,2006-04-03 17:26:58.340
519,91,94,1806,2006-04-03 15:01:35.437
520,91,108,506,2006-02-17 23:34:30.390
521,91,121,460,2006-04-03 23:11:54.450
522,91,129,936,2006-04-04 16:22:09.590
523,91,132,1848,2006-04-04 23:15:48.263
524,91,140,153,2006-02-27 11:42:02.560
525,91,142,46,2006-04-18 22:43:29.717
526,91,142,220,2006-04-18 22:44:00.280
527,91,145,803,2006-04-18 02:21:27.530
528,91,156,692,2006-04-03 13:45:52.373
529,91,170,1321,2006-03-30 09:39:42.200
530,91,171,1316,2006-03-05 13:47:45.340
531,91,360,825,2006-04-03 22:37:28.390
532,91,361,830,2006-04-03 22:52:06.607
533,91,482,691,2006-04-03 13:50:10.123
534,91,505,177,2006-02-27 11:33:28.827
535,91,510,1004,2006-03-08 22:53:10.780
536,91,510,1645,2006-03-08 22:53:10.780
537,91,515,31,2006-04-03 17:52:17.607
538,91,515,1442,2006-04-03 17:56:34.840
539,91,658,544,2006-04-03 18:05:18.793
540,91,763,1330,2006-04-03 19:31:37.873
541,91,766,1124,2006-02-23 13:49:23.513
542,91,768,486,2006-03-16 22:14:51.420
543,91,1014,621,2006-03-23 23:51:10.763
544,91,1015,621,2006-03-24 00:04:06.750
545,91,1087,1112,2006-04-03 11:38:58.590
546,91,1089,491,2006-04-03 00:35:44.513
547,91,1175,1495,2006-04-04 16:14:35.153
548,91,1203,1603,2006-03-29 13:26:49.437
549,91,1272,908,2006-03-11 17:25:42.840
550,91,1567,1466,2006-04-18 02:12:51.793
551,91,1615,1543,2006-03-29 14:12:57.467
552,91,1693,2086,2006-04-19 15:22:03.937
553,91,1839,128,2006-03-30 11:48:32.373
554,91,1953,111,2006-04-12 15:23:54.500
555,91,1953,559,2006-03-31 11:16:18.780
556,91,1954,1023,2006-02-17 00:23:22.500
557,91,1954,1153,2006-02-17 00:24:15.403
558,91,2058,1831,2006-03-17 13:12:38.733
559,91,2089,1582,2006-04-03 11:19:03.920
560,91,2241,298,2006-04-03 17:17:44.763
561,91,2245,1582,2006-04-03 11:06:01.840
562,91,2579,2012,2006-03-30 13:48:22.403
563,91,2690,2028,2006-03-31 14:43:26.780
564,91,2693,1705,2006-04-03 14:28:46.577
565,91,2697,219,2006-04-03 18:08:13.280
566,91,2697,1383,2006-04-03 18:08:33.437
567,91,2792,2042,2006-04-21 14:14:28.903
568,93,27,621,2006-03-19 15:05:50.403
569,93,360,822,2006-03-22 16:53:42.733
570,93,360,825,2006-03-22 16:53:18.717
571,93,768,486,2006-03-20 22:37:06.500
572,93,1255,1004,2006-03-22 13:09:14.793
573,93,2130,1495,2006-03-22 15:13:58.733
574,95,2071,1793,2006-04-03 23:24:50.060
575,97,170,1185,2006-11-08 13:02:23.577
576,97,171,1316,2006-11-08 16:33:54.513
577,97,1034,398,2006-11-10 11:05:26.170
578,97,1443,398,2006-11-15 13:56:03.653
579,98,108,506,2006-10-18 22:43:41.327
580,98,1014,621,2006-10-19 19:56:03.560
581,98,1015,621,2006-10-19 19:59:21.000
582,98,1203,1603,2006-10-16 22:01:09.890
583,98,1255,1004,2006-10-13 00:28:13.420
584,98,1955,1785,2006-10-19 18:01:15.890
585,98,2130,1265,2006-10-18 23:40:40.797
586,100,1203,1603,2006-11-01 22:35:06.717
587,100,2840,584,2006-10-27 12:11:25.200
588,101,108,506,2007-02-01 15:34:52.483
589,101,1203,1603,2007-02-01 09:22:57.577
590,101,2840,584,2007-02-15 16:19:36.373
591,102,132,1848,2007-01-05 11:01:51.873
592,102,1014,621,2007-01-10 00:28:35.577
593,102,1015,525,2007-01-10 22:10:05.140
594,102,1024,177,2007-01-05 09:08:23.123
595,102,1049,153,2007-01-05 09:11:55.873
596,102,1255,1004,2007-01-05 18:53:57.153
597,102,1955,1785,2007-01-10 23:34:23.607
598,102,2505,2073,2007-01-09 14:25:33.420
599,102,2792,2042,2007-01-10 22:38:47.343
600,102,2873,635,2007-01-03 15:05:03.797
601,105,132,1848,2007-03-20 21:36:00.687
602,105,361,830,2007-03-14 19:52:39.857
603,105,1049,153,2007-03-13 18:12:00.000
604,105,1203,1603,2007-03-20 10:48:42.857
605,105,1255,1004,2007-03-20 17:05:45.077
606,105,1616,129,2007-03-21 17:42:11.170
607,105,1955,1785,2007-03-21 12:38:14.950
608,105,2505,2073,2007-03-20 18:26:13.047
609,105,2792,2042,2007-03-13 16:35:22.747
610,105,2840,584,2007-03-04 21:26:18.360
611,106,1014,621,2007-02-28 10:36:25.077
612,106,1255,1004,2007-02-27 09:54:52.560
613,106,1616,355,2007-02-27 22:58:15.890
614,106,1616,1383,2007-02-27 22:56:47.717
615,106,2505,2073,2007-02-26 11:20:25.890
616,107,170,1185,2006-12-27 21:10:30.437
617,107,171,1316,2006-12-27 21:12:13.687
618,108,1019,453,2007-02-15 23:47:13.543
619,109,19,1048,2007-04-09 21:28:48.827
620,109,37,1299,2007-03-10 18:52:06.153
621,109,38,2254,2007-04-02 20:25:30.890
622,109,39,365,2007-03-29 15:44:19.247
623,109,39,2208,2007-03-29 15:44:39.077
624,109,43,22,2007-03-30 15:57:43.357
625,109,61,531,2007-04-02 22:15:23.780
626,109,70,876,2007-03-27 13:56:21.670
627,109,88,817,2007-04-02 14:18:53.450
628,109,89,1388,2007-03-29 19:57:52.610
629,109,90,2164,2007-03-29 20:01:18.997
630,109,93,140,2007-04-02 22:58:15.513
631,109,93,728,2007-04-02 22:58:15.513
632,109,108,506,2007-02-27 20:13:47.827
633,109,109,1603,2007-03-05 16:46:28.983
634,109,112,139,2007-03-29 20:04:21.327
635,109,115,1308,2007-04-02 18:21:50.123
636,109,115,1383,2007-04-02 18:22:07.687
637,109,119,355,2007-04-02 18:50:45.547
638,109,119,1383,2007-04-02 18:51:06.217
639,109,138,177,2007-04-04 14:46:37.123
640,109,140,153,2007-03-09 10:29:24.030
641,109,170,1788,2007-04-02 13:58:38.360
642,109,171,1316,2007-03-29 13:53:46.793
643,109,356,1116,2007-03-30 14:57:03.920
644,109,360,825,2007-04-01 17:25:05.607
645,109,361,830,2007-04-01 17:38:29.483
646,109,406,1369,2007-03-22 20:52:40.310
647,109,459,513,2007-03-29 16:47:31.263
648,109,510,1004,2007-03-04 15:32:38.827
649,109,510,1645,2007-03-04 15:32:38.827
650,109,763,2151,2007-04-02 18:51:56.310
651,109,764,817,2007-04-02 14:19:29.233
652,109,765,304,2007-03-28 15:45:05.187
653,109,765,360,2007-03-28 15:45:25.653
654,109,1014,621,2007-04-02 23:21:22.763
655,109,1020,453,2007-04-02 23:24:29.827
656,109,1572,1469,2007-04-25 23:04:25.763
657,109,1693,2085,2007-04-23 10:04:28.297
658,109,1954,1024,2007-03-01 10:45:15.560
659,109,1955,1785,2007-03-31 11:52:57.013
660,109,2071,1829,2007-04-03 12:54:56.247
661,109,2071,1832,2007-04-03 12:55:47.373
662,109,2218,21,2007-04-25 23:11:10.357
663,109,2241,1521,2007-03-30 14:50:26.717
664,109,2579,2012,2007-03-05 10:46:54.983
665,109,2690,584,2007-03-05 20:15:06.110
666,109,2697,219,2007-04-02 18:12:30.950
667,109,2697,1383,2007-04-02 18:12:30.950
668,109,2792,2042,2007-03-14 15:42:53.467
669,109,2873,635,2007-04-02 23:16:49.780
670,109,2972,2291,2007-04-23 10:09:04.357
671,109,2976,2237,2007-04-02 10:26:20.247
672,109,2978,15,2007-04-02 10:57:18.327
673,109,2979,766,2007-04-02 17:14:00.310
674,109,2980,2256,2007-04-02 20:28:00.500
675,109,2981,80,2007-04-04 19:17:00.747
676,109,2981,1621,2007-04-06 13:50:41.483
677,110,70,876,2007-04-11 14:05:18.140
678,110,88,817,2007-04-11 14:07:22.797
679,110,138,177,2007-03-19 10:27:52.107
680,110,1019,630,2007-04-10 23:08:49.200
681,110,1049,153,2007-03-19 10:29:04.797
682,110,1203,1603,2007-04-11 16:43:37.780
683,110,1616,2249,2007-04-11 22:18:24.937
684,110,2071,1829,2007-04-03 16:37:36.360
685,110,2071,1832,2007-04-03 16:37:36.360
686,110,2457,2139,2007-04-13 11:23:38.217
687,111,3005,1000,2007-07-04 21:54:40.670
688,111,3005,1451,2007-07-04 21:54:24.920
689,111,3009,153,2007-07-05 09:05:46.420
690,111,3013,1591,2007-07-05 10:08:51.793
691,112,363,894,2007-09-26 22:17:51.343
692,112,1019,2280,2007-09-26 23:19:01.890
693,112,1255,1004,2007-09-20 23:19:06.077
694,112,3028,1591,2007-09-26 12:48:26.860
695,113,27,621,2007-10-11 09:53:32.107
696,113,88,817,2007-10-11 23:30:43.717
697,113,1022,1934,2007-10-11 15:47:27.607
698,113,1024,177,2007-10-09 21:37:30.043
699,113,1049,153,2007-10-09 21:41:17.233
700,113,1203,1603,2007-10-11 14:23:58.793
701,114,27,621,2007-11-17 00:38:23.780
702,116,361,830,2008-02-27 10:33:22.153
703,117,363,894,2007-12-06 10:36:13.217
704,117,1015,525,2007-12-06 23:17:48.810
705,118,19,1048,2008-01-24 10:58:52.903
706,119,138,177,2008-01-11 12:16:18.293
707,119,763,2151,2008-01-08 20:22:27.997
708,119,1019,621,2008-01-08 23:48:58.140
709,119,1203,1603,2008-01-09 22:37:12.967
710,119,1255,1004,2008-01-07 18:19:53.543
711,119,1955,1785,2008-01-09 23:30:24.153
712,119,2792,2043,2008-01-08 22:11:05.000
713,121,18,570,2008-03-11 11:37:33.467
714,121,61,531,2008-03-31 21:57:08.390
715,121,79,728,2008-03-27 11:40:53.560
716,121,109,1603,2008-03-27 23:21:40.577
717,121,115,1176,2008-03-30 21:22:43.340
718,121,115,1383,2008-03-30 21:20:29.467
719,121,125,2479,2008-04-30 11:19:51.140
720,121,129,345,2008-03-31 22:40:36.153
721,121,132,70,2008-04-01 13:33:22.670
722,121,138,177,2008-02-15 13:19:44.043
723,121,140,153,2008-02-15 13:21:03.967
724,121,147,795,2008-04-07 14:20:06.187
725,121,171,1162,2008-04-08 09:22:21.437
726,121,171,1317,2008-03-06 10:53:12.263
727,121,356,1116,2008-03-28 16:05:15.700
728,121,360,2222,2008-03-14 20:17:01.310
729,121,361,829,2008-03-14 21:33:12.763
730,121,406,1369,2008-03-31 22:21:05.780
731,121,510,1004,2008-02-13 18:51:43.297
732,121,510,1645,2008-02-13 18:51:43.297
733,121,658,544,2008-04-01 08:47:20.280
734,121,763,1330,2008-03-29 18:28:23.733
735,121,764,349,2008-03-18 11:58:18.827
736,121,1014,76,2008-04-24 16:12:27.610
737,121,1015,633,2008-04-24 16:05:57.060
738,121,1015,2332,2008-03-11 00:31:45.937
739,121,1034,2479,2008-04-30 11:18:56.233
740,121,1047,624,2008-04-01 16:58:17.093
741,121,1130,1468,2008-04-05 17:39:27.793
742,121,1206,511,2008-03-18 21:26:37.293
743,121,1208,992,2008-03-31 22:39:50.717
744,121,1448,1065,2008-04-15 22:11:04.187
745,121,1500,2399,2008-04-01 00:44:37.000
746,121,1582,2049,2008-04-24 15:04:16.577
747,121,1867,803,2008-03-25 22:41:27.373
748,121,1954,1024,2008-02-18 23:29:47.543
749,121,1955,1785,2008-03-31 20:26:52.327
750,121,2059,932,2008-03-31 17:13:46.763
751,121,2069,611,2008-04-01 16:51:31.497
752,121,2218,430,2008-04-05 17:30:46.013
753,121,2219,714,2008-04-05 17:34:39.403
754,121,2579,2012,2008-02-28 08:51:36.623
755,121,2690,584,2008-03-15 22:59:39.390
756,121,2697,219,2008-03-30 21:28:35.373
757,121,2792,2043,2008-03-30 22:58:35.967
758,121,2972,1161,2008-03-10 12:33:58.310
759,121,2978,15,2008-04-01 08:49:59.360
760,121,2979,766,2008-03-31 22:08:07.327
761,121,3034,1074,2008-04-03 05:10:05.310
762,121,3261,1830,2008-04-07 15:50:17.700
763,121,3261,1832,2008-04-07 15:49:32.623
764,121,3297,2300,2008-02-29 17:36:56.653
765,121,3298,1437,2008-04-01 15:23:24.670
766,121,3299,1964,2008-04-01 15:26:41.123
767,121,3304,513,2008-04-10 12:02:01.013
768,121,3304,1621,2008-04-10 12:02:35.513
769,121,3305,2073,2008-04-10 11:43:07.983
770,121,3305,2148,2008-04-10 11:42:42.467
771,121,3306,1334,2008-04-02 00:14:41.810
772,123,3259,345,2008-02-16 23:26:29.000
773,124,115,1176,2008-04-01 23:11:44.623
774,124,115,1383,2008-04-01 23:11:44.623
775,124,360,2222,2008-04-01 22:05:12.140
776,124,363,894,2008-04-01 10:36:50.013
777,124,2792,2043,2008-03-30 22:38:49.140
778,125,363,894,2008-04-06 09:37:59.873
779,125,1049,153,2008-04-04 08:30:33.357
780,125,1203,1603,2008-04-10 11:57:15.340
781,125,1255,1004,2008-04-10 09:56:37.217
782,125,1830,630,2008-03-28 08:38:10.530
783,125,2071,1830,2008-04-07 15:33:17.310
784,125,2071,1832,2008-04-07 15:31:33.123
785,127,3425,2126,2008-08-31 22:17:20.763
786,127,3427,2547,2008-08-31 20:46:01.717
787,127,3428,2586,2008-08-31 22:50:07.483
788,127,3430,2606,2008-08-31 23:01:07.153
789,127,3431,2584,2008-08-31 22:48:18.030
790,127,3432,2571,2008-08-31 22:40:37.513
791,127,3435,2645,2008-09-01 09:01:55.623
792,128,27,621,2008-10-02 00:56:45.217
793,128,2219,21,2008-10-21 16:15:49.153
794,129,93,2189,2008-11-16 20:15:27.750
795,129,138,177,2008-11-11 13:42:45.763
796,129,1019,621,2008-11-20 14:24:02.263
797,129,3453,2284,2008-11-21 10:57:44.577
798,130,93,2189,2008-10-07 09:22:17.700
799,131,482,1941,2008-09-26 15:49:06.593
800,131,1014,76,2008-09-23 17:24:25.437
801,131,1015,633,2008-09-23 17:26:32.187
802,131,3028,1591,2008-09-23 17:29:46.403
803,132,156,1074,2008-11-04 16:48:10.077
804,132,1020,630,2008-11-07 01:05:54.780
805,132,1255,1004,2008-11-07 14:38:14.687
806,132,2792,2043,2008-10-31 13:36:34.327
807,132,2840,584,2008-11-04 19:17:07.233
808,132,3443,1597,2008-11-06 09:02:21.327
809,133,155,2404,2009-01-27 14:46:43.530
810,133,1203,1603,2009-01-28 22:21:09.077
811,133,1255,1004,2009-01-18 14:09:09.860
812,133,1955,1785,2009-01-28 23:46:51.623
813,133,2071,1838,2009-01-27 13:09:55.967
814,133,2840,584,2009-01-26 21:32:44.640
815,133,3031,270,2009-01-28 09:37:30.110
816,133,3500,2042,2009-01-18 14:34:09.437
817,134,360,2222,2008-11-26 20:39:26.623
818,134,1442,1074,2008-11-25 10:59:03.280
819,134,1955,1785,2008-11-27 18:36:02.293
820,134,1955,2395,2008-11-27 18:38:01.217
821,134,3500,2059,2008-11-24 16:01:15.717
822,135,1019,621,2009-02-19 01:35:26.640
823,135,3560,1832,2009-02-17 17:52:46.437
824,137,156,1074,2009-01-06 12:22:45.513
825,137,1049,153,2009-01-07 15:38:49.263
826,137,1203,1603,2009-01-07 21:32:16.140
827,137,1255,1004,2009-01-06 11:01:45.500
828,137,1830,212,2009-01-07 10:47:37.967
829,137,2071,1832,2009-01-07 14:02:47.297
830,137,3500,2042,2009-01-08 08:42:38.983
831,138,27,76,2009-03-31 10:09:24.937
832,138,39,932,2009-03-30 22:01:43.483
833,138,42,18,2009-03-31 12:45:37.920
834,138,43,1065,2009-03-31 12:51:26.840
835,138,44,22,2009-03-31 12:53:49.950
836,138,55,354,2009-03-23 13:49:51.403
837,138,71,621,2009-04-26 19:13:27.950
838,138,88,1441,2009-03-03 15:24:23.280
839,138,121,992,2009-03-31 21:15:48.967
840,138,125,1620,2009-04-25 00:43:31.013
841,138,147,803,2009-04-21 20:17:07.060
842,138,170,1185,2009-04-12 12:01:19.593
843,138,171,1317,2009-02-24 13:33:33.077
844,138,356,1102,2009-02-27 22:36:57.903
845,138,356,2060,2009-02-27 22:33:12.483
846,138,406,1369,2009-03-17 11:31:06.967
847,138,515,1309,2009-03-30 22:48:29.827
848,138,762,104,2009-03-11 14:28:44.560
849,138,764,1164,2009-03-03 15:25:43.233
850,138,1024,177,2009-03-09 09:24:41.327
851,138,1049,153,2009-03-09 09:21:29.747
852,138,1175,1265,2009-03-29 22:10:10.170
853,138,1175,1495,2009-03-29 22:10:24.670
854,138,1255,1004,2009-03-04 21:08:32.403
855,138,1830,630,2009-03-28 11:04:07.937
856,138,1839,128,2009-03-31 10:36:52.013
857,138,1954,1024,2009-02-23 15:15:55.140
858,138,2216,802,2009-04-21 20:16:00.640
859,138,2505,2073,2009-04-01 09:16:33.403
860,138,2579,2012,2009-03-20 12:51:28.293
861,138,2690,584,2009-03-14 20:32:04.747
862,138,2972,2438,2009-02-24 13:39:59.513
863,138,2978,15,2009-03-24 00:12:59.903
864,138,3261,1830,2009-03-18 16:04:36.187
865,138,3261,1832,2009-03-18 16:04:36.187
866,138,3300,447,2009-04-27 10:44:09.343
867,138,3301,2427,2009-04-11 01:54:25.857
868,138,3306,1010,2009-03-30 22:39:43.827
869,138,3451,282,2009-03-30 22:25:30.280
870,138,3606,2845,2009-04-20 14:42:01.763
871,138,3607,2851,2009-04-27 14:38:39.263
872,138,3608,2756,2009-03-25 14:47:52.060
873,138,3610,2042,2009-04-24 17:42:34.467
874,138,3611,2039,2009-04-24 17:44:14.403
875,138,3612,822,2009-03-27 15:06:39.860
876,138,3613,2763,2009-03-28 19:01:05.483
877,138,3614,2783,2009-03-30 22:12:36.983
878,138,3617,531,2009-03-31 20:56:13.153
879,138,3618,413,2009-03-31 21:03:28.937
880,138,3619,988,2009-03-31 21:27:15.420
881,138,3620,513,2009-04-01 09:30:05.733
882,138,3620,1407,2009-04-01 09:33:06.750
883,139,764,1164,2009-03-05 13:13:01.420
884,139,1208,992,2009-03-03 10:17:20.640
885,139,1442,1074,2009-03-05 09:09:53.560
886,140,61,531,2009-01-26 18:49:42.890
887,140,93,728,2009-02-04 20:54:10.403
888,140,129,345,2009-01-26 18:51:48.717
889,141,1024,177,2009-03-25 13:56:46.577
890,141,1049,153,2009-03-25 13:55:53.860
891,141,1255,1004,2009-04-01 19:50:34.997
892,141,1830,630,2009-03-31 18:09:01.360
893,141,2505,2073,2009-03-30 13:05:22.607
894,141,2840,584,2009-03-26 18:21:25.420
895,141,2975,506,2009-03-31 22:12:52.497
896,141,3500,2042,2009-03-31 00:23:54.187
897,142,121,992,2009-04-16 12:02:43.030
898,142,505,177,2009-04-16 09:58:39.093
899,142,1015,525,2009-04-16 08:41:44.623
900,142,1255,1004,2009-04-15 00:29:44.437
901,142,1442,1074,2009-04-16 09:09:18.700
902,144,3005,1000,2009-07-03 22:32:54.640
903,144,3005,1451,2009-07-03 22:32:54.640
904,144,3006,157,2009-07-07 22:44:58.903
905,144,3009,153,2009-07-03 22:31:48.343
906,144,3010,157,2009-07-07 19:52:44.920
907,144,3864,630,2009-07-04 12:26:37.403
908,144,3870,353,2009-07-06 15:27:03.873
909,145,93,728,2009-11-17 10:34:50.950
910,145,673,2888,2009-11-19 00:00:37.593
911,145,3453,2125,2009-11-18 23:54:14.093
912,145,4228,1244,2009-11-19 21:20:59.857
913,147,93,728,2009-10-20 11:17:15.450
914,147,3031,270,2009-10-17 18:18:45.060
915,148,93,728,2010-02-02 22:58:15.513
916,148,4287,513,2010-02-04 21:43:36.750
917,149,671,1483,2010-04-25 13:35:55.843
918,149,1049,153,2010-04-27 09:20:59.983
919,149,1255,1004,2010-04-28 09:36:25.030
920,149,1438,509,2010-04-28 17:18:48.590
921,149,3034,691,2010-04-26 10:20:53.890
922,149,3500,2042,2010-04-27 16:17:11.357
923,150,1019,621,2009-10-21 19:37:08.840
924,150,1049,153,2009-10-20 10:57:12.500
925,150,3500,2042,2009-10-09 18:12:16.170
926,150,4158,2730,2009-10-05 14:02:25.327
927,151,1019,952,2009-09-21 14:28:58.437
928,151,2840,1964,2009-09-18 22:15:23.373
929,151,3033,1093,2009-09-26 00:57:33.093
930,152,1024,177,2009-09-07 14:25:26.717
931,152,1086,1283,2009-09-07 14:24:32.747
932,153,1049,153,2010-01-12 11:21:24.263
933,153,1208,992,2010-01-11 21:19:02.390
934,153,3500,2042,2010-01-11 13:52:33.653
935,153,4264,288,2010-01-12 21:27:54.577
936,154,1867,1071,2009-12-02 21:51:03.497
937,154,3500,2042,2009-12-02 21:38:41.123
938,154,4258,960,2009-12-03 22:39:21.810
939,155,1435,1483,2010-04-14 19:34:24.780
940,155,1955,1785,2010-04-15 16:16:12.623
941,155,2690,584,2010-03-30 20:25:03.047
942,155,3297,2364,2010-04-14 17:00:15.293
943,155,3500,2042,2010-04-09 10:38:55.653
944,158,90,150,2010-01-28 21:54:44.250
945,158,1049,277,2010-01-27 14:40:55.857
946,158,1582,8,2010-01-29 09:16:53.107
947,158,1834,1838,2010-01-27 13:15:06.390
948,158,2071,2444,2010-01-27 13:11:43.937
949,158,3004,2454,2010-01-29 09:19:53.013
950,158,3033,2453,2010-01-29 09:19:24.390
951,158,3034,691,2010-01-29 09:18:53.543
952,158,3442,2469,2010-01-27 09:47:48.983
953,158,3442,2742,2010-01-27 09:47:48.983
954,158,3610,2042,2010-01-22 13:03:11.000
955,158,3611,2039,2010-01-22 13:04:22.000
956,159,1203,2887,2009-11-19 16:54:58.357
957,159,3442,2469,2009-11-16 08:36:28.107
958,159,3442,2742,2009-11-16 08:36:17.983
959,160,510,1004,2010-03-25 20:22:15.610
960,160,510,1645,2010-03-25 20:22:15.610
961,160,1049,277,2010-03-15 14:47:45.420
962,160,1675,1683,2010-03-22 13:47:38.733
963,160,1830,630,2010-03-25 16:25:10.437
964,160,1834,1838,2010-03-18 23:07:25.170
965,160,2071,2444,2010-03-18 23:02:10.297
966,160,3297,1912,2010-03-25 21:00:37.467
967,160,3500,2042,2010-03-23 20:52:12.060
968,160,4158,2730,2010-03-17 15:38:58.060
969,161,93,728,2010-01-06 12:18:26.077
970,161,3238,345,2010-01-07 11:17:40.843
971,161,3620,513,2010-01-05 22:08:50.967
972,161,3620,1407,2010-01-05 22:08:50.967
973,162,1034,630,2010-02-19 11:00:08.280
974,162,3500,2042,2010-02-23 16:03:32.373
975,162,3560,2905,2010-02-21 12:35:32.030
976,162,3594,2365,2010-02-16 00:40:48.373
977,165,42,18,2010-04-05 11:21:28.060
978,165,43,1065,2010-04-05 11:25:36.123
979,165,44,22,2010-04-05 11:43:02.937
980,165,55,354,2010-04-14 15:42:50.013
981,165,71,621,2010-04-11 23:04:42.263
982,165,79,729,2010-04-15 19:51:01.670
983,165,89,1722,2010-05-03 22:37:10.687
984,165,90,1314,2010-05-07 11:35:32.840
985,165,90,2000,2010-05-07 11:35:11.047
986,165,125,1620,2010-04-15 10:59:01.450
987,165,131,511,2010-05-02 17:48:57.653
988,165,132,70,2010-05-10 22:35:11.747
989,165,140,153,2010-03-15 09:04:42.280
990,165,145,204,2010-04-13 13:06:29.233
991,165,147,1071,2010-04-11 18:01:50.310
992,165,354,872,2010-04-08 14:41:19.763
993,165,354,2742,2010-04-08 14:38:17.373
994,165,363,1267,2010-04-22 10:19:51.717
995,165,406,1369,2010-03-09 03:34:34.450
996,165,455,905,2010-04-15 15:43:36.043
997,165,505,177,2010-03-15 09:05:35.110
998,165,515,129,2010-04-15 14:40:10.717
999,165,587,1314,2010-05-07 11:36:30.590
1000,165,587,2000,2010-05-07 11:36:56.123
1001,165,762,452,2010-04-15 14:14:20.107
1002,165,763,1304,2010-04-16 12:33:47.793
1003,165,1021,1024,2010-02-10 11:13:44.543
1004,165,1176,1483,2010-04-23 23:51:02.950
1005,165,1176,2380,2010-04-23 23:51:43.187
1006,165,1255,1004,2010-02-15 20:15:51.733
1007,165,1261,1276,2010-04-15 20:07:16.983
1008,165,1582,259,2010-05-08 16:57:53.653
1009,165,1834,2444,2010-04-14 13:14:39.483
1010,165,1839,43,2010-04-09 08:56:13.530
1011,165,1955,1785,2010-04-15 21:21:07.280
1012,165,2059,633,2010-04-06 21:39:27.250
1013,165,2184,1745,2010-03-24 23:19:48.577
1014,165,2241,790,2010-04-15 22:02:04.280
1015,165,2241,3134,2010-04-15 22:01:31.950
1016,165,2243,1363,2010-04-14 19:06:03.293
1017,165,2505,2073,2010-04-13 13:53:39.967
1018,165,2579,2012,2010-03-05 13:01:27.043
1019,165,2691,2159,2010-05-03 13:05:16.153
1020,165,2692,2159,2010-05-03 13:05:48.810
1021,165,2697,219,2010-04-15 14:45:36.200
1022,165,2840,1964,2010-02-27 14:51:16.123
1023,165,2972,2438,2010-04-14 14:57:55.543
1024,165,2973,2159,2010-05-03 10:04:48.217
1025,165,3004,2454,2010-05-08 16:59:34.217
1026,165,3033,495,2010-05-08 16:56:49.373
1027,165,3034,691,2010-04-22 19:29:35.840
1028,165,3261,1831,2010-04-14 12:55:58.360
1029,165,3297,1220,2010-05-06 20:13:40.250
1030,165,3301,2427,2010-04-14 15:45:35.280
1031,165,3306,767,2010-04-14 20:05:27.153
1032,165,3441,531,2010-04-15 21:09:06.170
1033,165,3451,282,2010-04-14 20:31:46.810
1034,165,3594,2740,2010-04-15 11:44:45.450
1035,165,3605,245,2010-05-05 21:57:10.640
1036,165,3606,2845,2010-03-05 13:04:34.123
1037,165,3607,2851,2010-03-05 13:13:58.513
1038,165,3608,2756,2010-04-07 13:10:17.247
1039,165,3609,728,2010-04-15 19:56:47.110
1040,165,3610,2042,2010-05-07 00:21:23.653
1041,165,3611,2171,2010-05-07 00:25:33.827
1042,165,3613,3154,2010-04-24 09:33:34.297
1043,165,3614,365,2010-04-06 21:51:48.593
1044,165,3618,413,2010-04-15 21:16:53.810
1045,165,4164,1316,2010-04-14 14:55:49.343
1046,165,4193,1017,2010-04-14 20:35:02.983
1047,165,4257,264,2010-02-11 10:26:33.513
1048,165,4439,829,2010-04-11 16:22:04.327
1049,165,4440,822,2010-04-11 16:36:34.403
1050,165,4443,2765,2010-04-24 09:37:12.090
1051,165,4447,3136,2010-04-20 15:18:44.763
1052,165,4467,3159,2010-04-26 14:17:44.593
1053,169,4375,2940,2010-02-26 15:01:49.590
1054,169,4381,2967,2010-02-25 14:39:38.483
1055,169,4396,2680,2010-02-25 19:40:43.607
1056,169,4398,2998,2010-02-25 20:26:06.403
1057,169,4398,3000,2010-02-25 20:24:46.263
1058,169,4401,3005,2010-02-27 19:30:21.967
1059,169,4401,3011,2010-02-27 19:32:52.013
1060,170,79,729,2010-04-19 21:59:39.797
1061,170,93,728,2010-04-19 22:02:56.250
1062,170,2505,2073,2010-04-15 14:50:02.233
1063,170,2978,15,2010-04-05 16:54:18.060
1064,171,4257,264,2010-04-09 21:52:47.107
1065,172,1049,153,2010-10-20 09:32:59.483
1066,172,1834,2444,2010-10-20 09:07:20.093
1067,172,3500,2042,2010-10-20 23:36:22.950
1068,175,3594,2362,2010-12-06 10:02:58.140
1069,177,140,153,2011-04-10 13:09:22.030
1070,177,505,177,2011-04-10 13:11:48.997
1071,177,1255,999,2011-04-13 14:25:00.920
1072,177,1261,1276,2011-03-31 10:35:45.577
1073,177,1582,259,2011-04-11 14:09:21.843
1074,177,1830,322,2011-04-01 09:44:21.497
1075,177,1834,2444,2011-04-11 13:29:54.043
1076,177,2071,1831,2011-04-11 13:36:58.640
1077,177,2072,1290,2011-04-13 22:57:31.293
1078,177,3004,2721,2011-04-14 17:24:41.043
1079,177,3034,691,2011-04-11 12:47:28.140
1080,177,4706,179,2011-04-10 13:11:08.670
1081,177,4706,3337,2011-04-10 13:11:08.670
1082,177,4857,3306,2011-04-07 11:33:29.860
1083,177,4894,630,2011-04-14 15:31:12.530
1084,177,4974,2284,2011-04-01 23:00:45.623
1085,178,496,112,2010-10-13 10:46:12.060
1086,179,1471,15,2011-01-26 17:26:47.717
1087,179,3238,950,2011-02-02 15:02:34.187
1088,179,3618,413,2011-02-02 15:06:53.217
1089,179,4699,3061,2011-01-28 16:01:38.500
1090,179,4699,3236,2011-01-28 15:59:00.013
1091,179,4700,3258,2011-01-28 16:09:29.280
1092,180,3238,2805,2010-11-10 22:52:55.903
1093,180,4651,130,2010-11-10 23:01:32.343
1094,181,1471,15,2011-02-14 12:46:25.263
1095,181,1834,2444,2011-02-10 12:15:03.513
1096,181,2071,1831,2011-02-17 15:11:08.670
1097,181,3238,531,2011-02-22 21:47:11.263
1098,181,3618,1244,2011-02-22 21:49:51.013
1099,182,1049,153,2011-02-01 11:30:38.153
1100,182,1834,2444,2011-01-30 13:13:51.343
1101,182,1955,2113,2011-02-01 21:48:20.310
1102,182,4706,277,2011-02-01 21:17:33.937
1103,183,1023,903,2011-04-07 11:36:02.233
1104,183,1023,1108,2011-04-07 11:35:58.200
1105,183,1208,992,2011-04-04 21:05:54.030
1106,183,3004,2721,2011-04-06 13:36:58.577
1107,183,3033,495,2011-04-05 09:59:33.217
1108,183,3034,691,2011-04-05 10:56:02.360
1109,183,3594,2362,2011-04-04 13:28:49.873
1110,186,1471,15,2010-12-31 12:32:04.343
1111,186,3238,950,2011-01-06 18:50:34.797
1112,186,4445,3061,2011-01-06 19:52:09.670
1113,187,1016,1788,2011-01-19 14:39:06.967
1114,187,1955,2113,2011-01-20 00:03:23.280
1115,187,2901,200,2011-01-19 20:02:06.967
1116,187,3616,992,2011-01-13 21:43:49.780
1117,187,4154,1612,2011-01-17 23:05:25.060
1118,188,3620,513,2011-03-30 11:38:44.873
1119,188,3620,1407,2011-03-30 11:38:44.873
1120,188,4699,3067,2011-03-30 08:39:26.483
1121,189,19,359,2011-05-03 22:17:07.060
1122,189,37,37,2011-03-29 15:03:03.123
1123,189,37,2368,2011-03-29 15:02:50.310
1124,189,39,932,2011-04-04 19:05:20.107
1125,189,43,1065,2011-04-12 17:19:22.047
1126,189,55,354,2011-04-05 14:25:11.217
1127,189,75,43,2011-04-03 10:24:04.450
1128,189,79,729,2011-03-23 15:20:34.577
1129,189,90,1097,2011-04-28 18:20:24.747
1130,189,95,509,2011-03-28 20:40:37.250
1131,189,131,511,2011-03-14 21:19:58.250
1132,189,132,70,2011-04-26 14:22:06.810
1133,189,406,1369,2011-04-04 21:25:34.340
1134,189,496,2127,2011-04-28 13:17:30.060
1135,189,510,1004,2011-02-24 11:33:52.780
1136,189,515,219,2011-04-04 15:32:41.577
1137,189,583,1314,2011-04-28 18:14:36.780
1138,189,762,452,2011-02-19 14:15:43.700
1139,189,765,360,2011-03-28 14:39:26.577
1140,189,1019,621,2011-02-17 19:41:10.420
1141,189,1024,177,2011-02-22 09:13:42.187
1142,189,1049,153,2011-02-22 09:11:37.967
1143,189,1261,1276,2011-02-24 11:23:59.060
1144,189,1582,259,2011-04-01 21:31:16.390
1145,189,1830,322,2011-03-23 21:14:44.293
1146,189,1834,2444,2011-04-01 23:49:26.827
1147,189,1954,1024,2011-02-20 03:16:37.467
1148,189,1955,2035,2011-03-25 14:26:35.357
1149,189,2184,1745,2011-03-25 13:14:46.513
1150,189,2241,79,2011-05-02 22:58:36.857
1151,189,2901,2153,2011-04-28 23:07:34.950
1152,189,2972,3088,2011-03-19 14:06:47.340
1153,189,2978,15,2011-03-29 21:23:47.903
1154,189,2980,722,2011-05-01 19:21:32.390
1155,189,2980,3481,2011-05-01 19:26:52.653
1156,189,3004,2721,2011-04-01 21:33:01.030
1157,189,3033,495,2011-04-01 21:30:21.733
1158,189,3034,691,2011-04-01 21:29:14.250
1159,189,3238,170,2011-04-06 08:13:16.140
1160,189,3261,1831,2011-04-01 23:46:34.903
1161,189,3297,1220,2011-03-21 15:04:19.217
1162,189,3301,2427,2011-04-05 14:28:10.483
1163,189,3302,1035,2011-04-15 23:51:39.233
1164,189,3444,3199,2011-03-18 18:59:48.013
1165,189,3500,2042,2011-03-23 21:21:24.450
1166,189,3594,2362,2011-03-23 19:22:41.797
1167,189,3594,2364,2011-03-23 19:23:20.607
1168,189,3608,1628,2011-05-03 22:16:59.467
1169,189,3609,728,2011-03-23 15:06:08.967
1170,189,3613,3154,2011-04-04 18:50:38.153
1171,189,4164,1316,2011-03-19 13:55:00.857
1172,189,4439,829,2011-03-12 16:23:22.577
1173,189,4440,822,2011-03-12 16:28:13.047
1174,189,4467,3089,2011-03-19 14:19:13.467
1175,189,4699,3061,2011-03-05 10:32:12.043
1176,189,4699,3236,2011-03-05 10:32:12.043
1177,189,4700,3258,2011-03-05 10:33:21.763
1178,189,4706,179,2011-03-19 13:43:34.873
1179,189,4706,3337,2011-03-19 13:51:17.043
1180,189,4857,3306,2011-04-19 07:10:25.687
1181,189,4894,630,2011-03-23 21:24:59.390
1182,189,4895,3354,2011-03-23 22:24:36.233
1183,189,4954,3482,2011-05-01 23:54:51.013
1184,189,4972,3396,2011-05-04 08:36:39.640
1185,190,140,153,2011-03-09 22:06:28.623
1186,190,4856,516,2011-03-08 13:32:29.827
1187,191,4595,1983,2011-08-29 20:56:20.250
1188,193,1688,2413,2011-11-21 14:06:22.343
1189,193,1867,3221,2011-11-22 10:36:46.830
1190,193,2865,282,2011-11-22 10:34:16.423
1191,193,3306,622,2011-11-22 10:08:32.550
1192,193,3608,952,2011-11-14 23:11:46.650
1193,193,4167,2715,2011-11-21 14:04:01.890
1194,193,4287,513,2011-11-22 14:11:53.577
1195,193,5497,3570,2011-11-23 19:06:06.833
1196,193,5497,3574,2011-11-23 19:05:47.210
1197,193,5498,729,2011-11-23 18:55:24.007
1198,194,1176,1483,2011-12-01 23:18:21.937
1199,194,1176,2380,2011-12-01 23:18:21.937
1200,194,1955,3132,2011-12-06 10:31:29.903
1201,194,3301,2427,2011-12-05 12:14:36.310
1202,195,763,1304,2012-01-31 22:57:13.827
1203,195,1014,137,2012-01-31 19:17:00.153
1204,195,1023,903,2012-01-30 11:40:36.240
1205,195,1023,1108,2012-01-30 11:40:36.240
1206,195,1955,3129,2012-01-31 22:46:01.653
1207,195,3033,2453,2012-01-29 22:53:43.930
1208,195,3040,630,2012-02-02 23:45:55.593
1209,195,3500,2042,2012-01-23 23:02:09.127
1210,195,4701,3434,2012-01-31 16:24:04.927
1211,195,4857,3306,2012-01-24 17:50:24.977
1212,197,2978,15,2011-10-09 09:01:03.720
1213,197,4287,513,2011-10-12 23:07:40.457
1214,197,4699,3061,2011-10-11 12:59:03.860
1215,197,4699,3236,2011-10-11 12:59:03.860
1216,197,4700,3258,2011-10-11 13:00:34.827
1217,198,93,728,2012-01-23 13:33:48.957
1218,198,1447,729,2012-01-23 13:29:40.690
1219,198,3306,767,2012-01-24 14:50:54.423
1220,198,3451,282,2012-01-24 14:53:21.430
1221,198,4287,513,2012-01-27 14:28:49.163
1222,198,4657,3330,2012-01-24 14:16:59.433
1223,199,18,272,2012-04-16 23:15:59.937
1224,199,18,570,2012-04-16 23:17:21.920
1225,199,19,359,2012-04-20 18:27:51.397
1226,199,27,137,2012-03-13 21:05:55.093
1227,199,38,564,2012-04-22 13:09:59.910
1228,199,55,354,2012-03-28 09:45:15.933
1229,199,79,729,2012-03-07 23:03:09.780
1230,199,93,728,2012-03-13 11:22:43.840
1231,199,120,460,2012-04-02 09:21:37.010
1232,199,132,70,2012-03-06 20:03:36.923
1233,199,145,3221,2012-03-19 15:34:57.970
1234,199,146,3504,2012-04-23 22:16:29.440
1235,199,146,3647,2012-04-23 22:16:44.177
1236,199,147,1071,2012-03-19 15:32:07.470
1237,199,153,2715,2012-04-20 12:02:01.817
1238,199,350,837,2012-04-20 11:57:32.317
1239,199,356,3841,2012-04-24 12:16:51.130
1240,199,406,1369,2012-03-26 09:16:16.440
1241,199,515,219,2012-03-19 18:41:39.420
1242,199,515,1442,2012-03-19 18:42:12.920
1243,199,1024,177,2012-02-28 14:10:44.620
1244,199,1049,153,2012-02-28 14:08:38.563
1245,199,1176,2380,2012-04-10 21:41:25.407
1246,199,1255,3601,2012-02-14 12:50:34.643
1247,199,1261,1276,2012-03-26 14:11:37.360
1248,199,1471,995,2012-04-17 13:23:20.483
1249,199,1582,259,2012-04-23 09:03:02.880
1250,199,1830,322,2012-03-21 11:34:09.237
1251,199,1830,630,2012-03-21 11:34:47.173
1252,199,1834,2444,2012-03-14 13:46:13.750
1253,199,1839,128,2012-04-06 20:02:45.500
1254,199,1955,3128,2012-03-08 15:52:24.313
1255,199,2060,2023,2012-03-22 21:38:43.437
1256,199,2071,1838,2012-03-14 13:30:53.077
1257,199,2072,1290,2012-03-07 10:21:10.733
1258,199,2505,2073,2012-04-16 10:40:37.483
1259,199,2692,2030,2012-03-27 23:06:32.137
1260,199,2901,3268,2012-04-10 20:23:12.327
1261,199,2972,3088,2012-03-02 09:11:46.897
1262,199,2978,15,2012-04-17 13:29:16.373
1263,199,2978,905,2012-04-23 23:10:38.880
1264,199,3004,2050,2012-04-18 23:58:20.287
1265,199,3033,2044,2012-04-23 09:02:29.787
1266,199,3034,692,2012-04-23 09:01:46.410
1267,199,3297,1220,2012-02-23 17:18:22.970
1268,199,3301,2427,2012-03-28 09:47:56.247
1269,199,3302,142,2012-04-10 20:26:52.920
1270,199,3306,767,2012-03-27 20:41:04.823
1271,199,3451,599,2012-03-27 20:15:58.963
1272,199,3500,630,2012-04-01 02:18:19.043
1273,199,3594,2798,2012-03-29 13:58:36.183
1274,199,3608,952,2012-03-21 11:22:42.377
1275,199,3613,3154,2012-03-22 21:21:28.237
1276,199,4164,1316,2012-03-02 09:09:08.943
1277,199,4193,282,2012-03-27 20:44:04.420
1278,199,4287,2074,2012-04-16 10:44:28.593
1279,199,4467,3161,2012-04-13 13:52:48.547
1280,199,4652,3604,2012-03-08 16:09:51.220
1281,199,4652,3607,2012-03-08 16:09:37.843
1282,199,4657,3330,2012-03-26 21:41:54.157
1283,199,4699,3061,2012-03-13 12:11:48.573
1284,199,4699,3236,2012-03-13 12:11:48.573
1285,199,4700,3258,2012-03-13 12:12:24.450
1286,199,4706,3336,2012-03-27 08:28:46.220
1287,199,4706,3338,2012-04-23 22:14:55.050
1288,199,4856,3379,2012-03-14 23:24:39.123
1289,199,4856,3617,2012-03-14 23:50:23.437
1290,199,4857,3316,2012-03-28 11:57:23.090
1291,199,4894,2171,2012-03-23 14:31:19.907
1292,199,4895,3354,2012-02-28 19:51:39.740
1293,199,4972,3390,2012-03-23 21:48:02.720
1294,199,4973,3398,2012-04-24 13:40:32.490
1295,199,5496,3627,2012-04-01 12:57:25.123
1296,199,5497,3574,2012-04-18 23:31:25.253
1297,199,5817,1829,2012-03-14 13:49:54.220
1298,199,5817,2261,2012-03-14 13:49:27.623
1299,199,5833,3391,2012-03-23 22:01:32.000
1300,199,5842,2146,2012-04-16 10:43:11.000
1301,199,5843,1244,2012-04-26 18:29:20.120
1302,199,5848,3306,2012-03-28 12:24:07.950
1303,199,5849,3741,2012-03-28 14:42:17.043
1304,199,5850,3199,2012-03-28 22:33:11.637
1305,200,1955,3132,2012-01-05 20:44:37.727
1306,200,4596,1265,2011-12-28 23:01:13.040
1307,201,1014,621,2012-04-11 23:39:33.593
1308,201,1830,322,2012-03-28 12:56:46.153
1309,201,1955,3132,2012-04-11 22:50:53.937
1310,201,2505,2073,2012-04-11 09:04:27.937
1311,201,2901,2153,2012-04-03 11:31:12.433
1312,201,3444,3369,2012-04-11 23:47:42.187
1313,201,4155,3249,2012-04-11 13:49:48.203
1314,201,4701,3434,2012-04-11 23:17:40.983
1315,201,5065,3369,2012-04-11 23:44:39.983
1316,203,5497,3570,2012-01-03 00:46:15.710
1317,203,5497,3574,2012-01-03 00:46:15.710
1318,205,1049,153,2011-11-09 10:27:16.963
1319,205,1176,1483,2011-11-10 19:08:20.950
1320,205,1176,2380,2011-11-10 19:08:20.950
1321,205,1834,2444,2011-11-09 23:03:03.103
1322,205,1955,3132,2011-11-09 17:41:44.230
1323,205,4701,3436,2011-11-08 10:12:23.577
1324,206,1834,2444,2011-12-30 22:38:25.197
1325,206,3261,1831,2011-12-30 22:36:15.837
1326,206,4857,3307,2012-01-06 17:31:09.367
1327,207,79,729,2012-04-10 14:42:33.243
1328,207,93,728,2012-04-10 14:47:21.707
1329,207,145,3221,2012-04-13 08:54:26.657
1330,207,146,1071,2012-04-13 08:55:05.967
1331,207,3306,622,2012-04-11 13:45:39.000
1332,207,3451,599,2012-04-11 13:47:56.360
1333,207,4193,282,2012-04-11 13:50:09.610
1334,207,4287,513,2012-04-11 09:18:37.687
1335,207,4699,3061,2012-04-10 17:45:20.860
1336,207,4699,3236,2012-04-10 17:45:20.860
1337,207,4700,3258,2012-04-10 17:46:15.983
1338,208,71,1022,2012-02-13 00:34:47.377
1339,208,79,729,2012-02-21 14:27:38.107
1340,208,93,728,2012-02-21 14:29:58.303
1341,208,2216,3221,2012-02-22 21:18:47.673
1342,208,2217,1071,2012-02-22 21:25:52.330
1343,208,3441,455,2012-02-19 13:06:25.880
1344,208,4167,1258,2012-02-20 19:18:16.960
1345,208,4287,513,2012-02-21 15:02:10.120
1346,208,4699,3061,2012-02-21 17:42:41.517
1347,208,4699,3236,2012-02-21 17:42:23.783
1348,208,4700,3258,2012-02-21 17:44:03.657
1349,208,5732,3648,2012-02-22 21:35:43.047
1350,209,140,277,2012-04-03 16:25:58.187
1351,209,505,177,2012-04-03 11:49:43.870
1352,209,1255,3601,2012-04-19 10:00:14.880
1353,209,1834,2444,2012-04-18 21:40:16.083
1354,209,2071,1838,2012-04-18 21:37:45.803
1355,209,3500,3015,2012-04-20 00:10:55.583
1356,209,4706,3336,2012-04-03 16:22:39.420
1357,209,4974,2284,2012-04-12 20:00:08.310
1358,209,5817,1829,2012-04-17 22:35:44.630
1359,209,5817,2261,2012-04-17 22:35:44.630
1360,209,5848,3306,2012-04-07 15:16:51.093
1361,209,5980,3798,2012-04-17 23:09:36.193
1362,209,5981,3804,2012-04-17 23:24:14.850
1363,212,121,35,2012-01-09 21:58:10.930
1364,212,509,1848,2012-01-11 23:13:12.670
1365,212,763,1304,2012-01-11 20:49:34.560
1366,212,1023,903,2012-01-06 12:49:31.930
1367,212,1023,1108,2012-01-06 12:49:31.930
1368,212,1049,153,2012-01-11 14:59:21.060
1369,212,1255,1004,2012-01-11 21:08:31.390
1370,212,1955,3132,2012-01-11 22:36:44.043
1371,212,2072,1290,2012-01-11 23:36:11.153
1372,212,4701,3434,2012-01-11 13:29:11.513
1373,212,4857,3307,2012-01-06 17:33:50.867
1374,213,121,35,2012-02-28 20:05:39.863
1375,213,1834,2444,2012-02-29 23:18:27.160
1376,213,1955,3132,2012-02-25 14:05:56.330
1377,213,3500,2042,2012-02-29 23:30:09.723
1378,215,4155,3249,2012-09-11 13:43:18.140
1379,215,4595,1983,2012-07-06 10:50:16.090
1380,216,1022,1983,2012-09-04 20:29:09.313
1381,216,4701,3272,2012-09-12 14:48:01.640
1382,217,1830,1205,2013-01-09 00:45:36.303
1383,217,1955,3132,2013-01-05 19:12:11.913
1384,217,3500,2042,2013-01-06 22:59:24.833
1385,217,3519,3128,2013-01-05 19:16:02.383
1386,217,3594,2798,2013-01-06 21:01:54.657
1387,217,3619,2807,2013-01-08 20:37:12.947
1388,217,4701,3272,2013-01-03 18:57:07.650
1389,217,4857,3307,2013-01-08 12:56:16.973
1390,217,6010,3272,2013-01-03 18:59:41.310
1391,218,1176,1483,2012-10-02 10:57:52.647
1392,218,1176,2380,2012-10-02 10:57:52.647
1393,218,1255,3601,2012-10-10 10:21:25.390
1394,218,1955,3132,2012-10-09 10:23:06.680
1395,218,4155,3249,2012-10-10 15:23:30.093
1396,218,4157,1314,2012-10-10 21:10:06.437
1397,218,4596,1346,2012-10-07 15:11:14.540
1398,218,4701,3436,2012-10-08 16:32:32.803
1399,218,4894,2171,2012-10-10 13:21:37.937
1400,218,6010,3436,2012-10-08 16:35:49.803
1401,218,6011,259,2012-10-10 21:27:57.967
1402,219,120,35,2013-01-29 20:15:23.273
1403,219,1834,2444,2013-01-28 22:35:03.460
1404,219,2071,1838,2013-01-28 22:33:02.657
1405,219,4157,1314,2013-01-30 16:31:21.167
1406,219,4701,3435,2013-01-29 12:36:02.113
1407,219,4701,3653,2013-01-29 12:35:52.113
1408,220,75,43,2012-10-16 22:10:05.237
1409,220,3451,1010,2012-10-17 19:13:28.017
1410,220,3620,3290,2012-10-15 13:34:11.843
1411,220,5497,3574,2012-10-17 18:19:28.940
1412,221,1049,153,2013-04-09 22:43:17.797
1413,221,1255,3601,2013-04-07 13:38:12.573
1414,221,1261,1276,2013-04-03 23:16:40.010
1415,221,1834,2444,2013-04-06 21:46:32.653
1416,221,2071,1838,2013-04-06 21:44:39.157
1417,221,3442,3302,2013-04-06 23:58:20.250
1418,221,4706,3335,2013-04-09 22:43:56.753
1419,221,4706,3338,2013-04-09 22:43:56.753
1420,221,6211,2360,2013-04-05 10:27:21.283
1421,223,1176,1483,2012-11-15 11:07:39.390
1422,223,1176,2380,2012-11-15 11:07:39.390
1423,223,1834,2444,2012-11-15 11:36:31.950
1424,223,2071,1838,2012-11-15 11:41:51.890
1425,223,3500,2042,2012-12-07 00:20:11.170
1426,223,4701,3434,2012-11-14 21:57:35.170
1427,224,79,729,2013-04-02 19:20:30.347
1428,224,93,728,2013-04-02 19:21:26.457
1429,224,168,130,2013-04-02 19:24:18.463
1430,224,2978,15,2013-03-22 08:23:39.803
1431,224,3620,513,2013-04-03 12:43:16.290
1432,224,3620,1407,2013-04-03 12:43:16.290
1433,224,4657,3330,2013-04-02 19:47:56.727
1434,224,4699,3236,2013-04-03 08:57:29.160
1435,224,4700,3238,2013-04-03 08:59:02.310
1436,224,5496,3627,2013-04-02 12:24:55.747
1437,224,5584,3764,2013-04-02 12:25:20.520
1438,225,138,177,2013-04-02 08:30:15.073
1439,225,140,278,2013-04-03 13:01:05.733
1440,225,1019,392,2013-03-26 18:47:35.967
1441,225,1019,1196,2013-03-26 18:47:35.967
1442,225,1834,2444,2013-04-02 23:08:33.460
1443,225,1955,3655,2013-04-02 20:21:10.570
1444,225,2071,1838,2013-04-02 23:06:23.620
1445,225,2901,3268,2013-04-02 14:16:52.440
1446,225,3299,196,2013-03-23 22:23:59.047
1447,225,3302,142,2013-04-02 14:15:55.443
1448,225,4287,2068,2013-04-02 11:18:04.090
1449,225,4287,3290,2013-04-02 11:18:04.090
1450,225,6211,2360,2013-04-03 10:25:24.020
1451,226,3441,455,2013-01-21 19:07:50.443
1452,226,4287,513,2013-01-22 14:47:35.220
1453,226,5498,729,2013-01-22 16:20:07.170
1454,226,5584,3627,2013-01-18 10:27:09.633
1455,227,1841,493,2012-11-21 11:43:08.417
1456,227,4287,513,2012-11-21 16:34:46.277
1457,227,5497,3574,2012-11-21 11:05:39.293
1458,228,153,2715,2013-02-13 11:51:38.590
1459,228,1470,3236,2013-02-19 18:10:56.630
1460,228,2978,15,2013-02-20 10:09:25.297
1461,228,4167,3567,2013-02-13 11:53:50.063
1462,228,4287,513,2013-02-18 12:48:35.303
1463,228,5584,3627,2013-02-18 22:13:46.120
1464,228,5584,3764,2013-02-18 22:13:46.120
1465,229,4167,3567,2013-01-09 16:58:11.390
1466,229,4287,513,2013-01-09 13:28:56.203
1467,229,5498,729,2013-01-09 16:11:33.677
1468,229,5584,3627,2013-01-08 09:12:20.413
1469,229,5584,3764,2013-01-08 09:11:58.183
1470,230,18,272,2013-03-20 22:58:30.643
1471,230,18,570,2013-03-20 22:58:30.643
1472,230,37,281,2013-04-20 20:09:27.553
1473,230,38,564,2013-03-25 22:01:16.927
1474,230,39,932,2013-03-07 18:51:09.640
1475,230,42,2386,2013-04-27 23:23:57.473
1476,230,55,354,2013-03-19 16:51:04.977
1477,230,79,729,2013-03-24 01:05:20.773
1478,230,92,2807,2013-04-17 08:54:37.630
1479,230,93,728,2013-03-24 01:09:11.637
1480,230,95,174,2013-04-20 14:50:17.463
1481,230,120,35,2013-03-22 20:18:56.663
1482,230,132,2301,2013-04-11 22:57:04.483
1483,230,145,3647,2013-03-20 21:57:32.023
1484,230,147,3648,2013-03-20 22:00:12.967
1485,230,153,2715,2013-03-21 11:46:42.870
1486,230,156,692,2013-03-21 14:11:06.477
1487,230,168,130,2013-04-07 00:16:34.047
1488,230,350,837,2013-03-21 11:49:13.653
1489,230,356,1116,2013-04-19 21:33:32.393
1490,230,356,2062,2013-04-22 23:42:31.647
1491,230,515,219,2013-03-13 22:53:58.097
1492,230,1019,392,2013-03-21 00:41:27.540
1493,230,1024,177,2013-03-07 08:51:26.160
1494,230,1049,153,2013-03-07 08:53:54.990
1495,230,1255,3601,2013-02-15 09:54:38.693
1496,230,1261,1276,2013-03-25 12:08:01.953
1497,230,1458,1369,2013-03-25 22:10:48.140
1498,230,1471,15,2013-04-17 10:54:53.737
1499,230,1582,2049,2013-03-22 12:00:10.627
1500,230,1692,1048,2013-04-15 18:16:16.970
1501,230,1834,2444,2013-03-18 09:30:25.267
1502,230,1954,3983,2013-02-14 11:04:12.667
1503,230,1955,3655,2013-04-18 22:34:25.323
1504,230,2219,876,2013-04-18 15:50:17.807
1505,230,2241,321,2013-04-28 01:26:41.547
1506,230,2245,383,2013-04-17 20:24:50.270
1507,230,2505,2073,2013-03-17 20:27:51.273
1508,230,2901,3268,2013-02-18 13:14:39.807
1509,230,2972,3163,2013-03-25 13:51:44.420
1510,230,2978,929,2013-04-17 10:44:53.933
1511,230,3033,2453,2013-03-21 14:19:33.427
1512,230,3261,1831,2013-03-18 09:28:02.003
1513,230,3297,1220,2013-02-13 19:03:36.330
1514,230,3301,2427,2013-03-19 16:53:10.450
1515,230,3302,1625,2013-04-07 00:44:07.213
1516,230,3442,3302,2013-03-25 14:59:45.273
1517,230,3445,3475,2013-03-25 15:01:37.663
1518,230,3500,2059,2013-04-25 19:43:42.517
1519,230,3594,2798,2013-02-13 19:07:52.160
1520,230,3606,2018,2013-03-18 12:30:59.277
1521,230,3608,952,2013-02-13 13:58:04.837
1522,230,3608,1628,2013-02-13 13:58:40.863
1523,230,3613,3154,2013-03-07 18:41:19.403
1524,230,4161,3323,2013-03-18 12:35:50.497
1525,230,4164,1786,2013-03-25 13:56:47.293
1526,230,4264,933,2013-03-27 14:59:57.967
1527,230,4287,2068,2013-03-22 10:11:11.930
1528,230,4287,3290,2013-03-22 10:12:38.090
1529,230,4652,3604,2013-03-18 17:24:00.490
1530,230,4652,3607,2013-03-18 17:24:00.490
1531,230,4657,3330,2013-03-20 19:56:39.910
1532,230,4699,3236,2013-03-26 15:53:55.633
1533,230,4700,3258,2013-03-26 15:42:30.253
1534,230,4701,3434,2013-03-21 17:00:39.387
1535,230,4701,3436,2013-03-21 17:00:56.687
1536,230,4706,4133,2013-04-19 18:43:20.020
1537,230,4857,3307,2013-03-05 08:44:05.157
1538,230,4895,3354,2013-03-12 14:10:40.717
1539,230,4901,3116,2013-04-10 10:46:21.157
1540,230,4973,3736,2013-04-03 10:27:50.530
1541,230,5496,3627,2013-03-11 09:13:30.453
1542,230,5497,3574,2013-03-17 13:56:02.677
1543,230,5584,3764,2013-03-11 09:15:21.997
1544,230,5842,2069,2013-03-22 09:30:27.680
1545,230,5842,2146,2013-03-17 20:29:24.990
1546,230,5849,961,2013-03-30 20:02:23.350
1547,230,5849,2749,2013-03-30 20:01:57.220
1548,230,5849,3741,2013-02-27 08:45:07.990
1549,230,5849,3832,2013-03-30 21:55:59.750
1550,230,5850,3532,2013-04-12 10:11:41.437
1551,230,6231,3466,2013-03-25 19:56:49.217
1552,230,6280,4016,2013-03-09 18:25:08.740
1553,230,6287,2171,2013-03-21 12:33:34.547
1554,230,6288,1535,2013-03-21 12:36:03.843
1555,230,6289,3436,2013-03-21 17:13:52.740
1556,230,6293,1364,2013-03-27 11:57:34.680
1557,231,1955,3132,2013-02-26 09:11:39.713
1558,231,4701,3434,2013-02-27 21:37:27.217
1559,231,5850,3128,2013-02-26 09:14:27.463
1560,232,1021,1612,2013-09-20 11:35:03.907
1561,232,1022,1983,2013-09-03 21:23:23.107
1562,232,1255,1004,2013-09-20 17:14:48.480
1563,232,1255,3601,2013-09-20 17:07:05.930
1564,232,1458,2003,2013-10-10 14:13:37.897
1565,232,1830,322,2013-09-20 11:14:13.473
1566,232,1830,1205,2013-09-20 11:14:24.463
1567,232,1955,3128,2013-11-05 09:21:16.147
1568,232,4173,692,2013-09-23 13:09:25.977
1569,232,4595,1983,2013-10-03 15:54:58.617
1570,232,4604,1625,2013-10-16 22:43:26.623
1571,232,5065,2049,2013-11-04 15:18:14.830
1572,232,5067,3439,2013-11-09 00:03:49.630
1573,232,5999,2041,2013-11-07 22:46:50.707
1574,232,6000,3272,2014-02-13 20:19:45.180
1575,232,6000,3434,2014-02-13 20:15:20.377
1576,232,6001,2454,2013-11-04 15:21:20.253
1577,232,6009,894,2013-09-25 19:27:55.293
1578,232,6011,2453,2013-11-06 19:13:30.033
1579,233,1021,1612,2013-11-04 23:02:26.177
1580,233,1022,1983,2013-10-31 13:36:25.590
1581,233,1458,2003,2013-11-05 11:10:10.880
1582,233,2504,952,2013-11-13 17:12:25.867
1583,234,1021,1024,2013-09-09 23:06:46.513
1584,234,1022,1983,2013-09-09 15:35:13.950
1585,235,496,2141,2014-03-27 14:27:22.393
1586,235,510,1004,2014-04-06 20:07:23.020
1587,235,1014,650,2014-04-09 14:19:40.267
1588,235,1049,277,2014-03-27 11:12:06.087
1589,235,1582,161,2014-04-07 19:59:16.460
1590,235,1582,2454,2014-04-07 19:56:00.500
1591,235,1830,322,2014-03-26 09:23:44.890
1592,235,1830,1205,2014-03-26 09:23:44.890
1593,235,3442,3302,2014-03-24 16:50:31.387
1594,235,3500,2171,2014-04-10 00:50:05.930
1595,235,3519,3131,2014-03-31 18:21:05.250
1596,235,3594,2796,2014-04-01 20:55:49.923
1597,235,3613,3154,2014-03-27 13:06:57.363
1598,235,4168,4291,2014-04-02 23:19:17.210
1599,235,4701,3436,2014-04-02 22:49:09.447
1600,235,4701,3653,2014-04-09 13:10:13.073
1601,235,4706,3338,2014-04-09 13:53:32.160
1602,235,6289,3420,2014-04-09 20:11:35.860
1603,236,125,1251,2013-09-10 13:30:38.727
1604,236,4701,3439,2013-09-17 23:08:31.253
1605,237,52,246,2014-01-07 11:27:09.917
1606,237,510,1004,2014-01-06 19:28:56.403
1607,237,1024,177,2013-12-28 13:07:34.570
1608,237,1830,322,2014-01-05 13:34:28.060
1609,237,1834,2444,2014-01-06 22:35:14.613
1610,237,1955,3128,2014-01-06 12:45:10.780
1611,237,3261,1831,2014-01-06 22:39:08.577
1612,237,3500,2042,2014-01-08 13:34:28.710
1613,237,4287,1621,2014-01-06 14:59:46.850
1614,237,4706,3815,2013-12-28 13:14:06.207
1615,237,5850,3131,2014-01-06 12:47:15.153
1616,237,6211,2365,2013-12-17 23:27:18.110
1617,237,6285,3738,2013-12-27 00:28:57.980
1618,237,6456,3307,2013-12-26 08:27:39.893
1619,238,125,1251,2013-10-10 12:25:12.550
1620,238,1049,153,2013-10-13 13:24:44.640
1621,238,2693,3128,2013-10-18 09:46:36.850
1622,238,4701,3436,2013-10-04 23:12:52.750
1623,238,4706,4133,2013-10-13 16:29:11.997
1624,238,6009,894,2013-10-14 20:55:42.503
1625,238,6010,3272,2013-10-04 23:14:16.457
1626,239,1955,3128,2013-11-12 19:48:28.653
1627,239,2901,3268,2013-11-12 23:21:26.840
1628,239,3500,2042,2013-11-16 00:36:52.967
1629,239,4287,3290,2013-11-25 20:54:51.617
1630,239,4706,3336,2013-11-29 18:39:25.017
1631,239,5850,3131,2013-11-12 19:51:07.533
1632,239,6009,894,2013-11-18 14:15:47.253
1633,239,6010,3436,2013-11-15 13:17:45.190
1634,239,6211,2365,2013-11-12 19:51:19.977
1635,240,3441,455,2013-10-15 23:56:06.300
1636,240,4287,1127,2013-10-14 13:11:33.297
1637,240,4699,3082,2013-10-14 18:49:35.133
1638,240,4700,3258,2013-10-14 18:52:50.813
1639,241,1049,277,2014-02-14 09:49:13.067
1640,241,1616,362,2014-02-14 15:31:54.950
1641,241,4287,1621,2014-02-18 16:11:08.423
1642,241,4706,3815,2014-02-12 06:43:09.123
1643,241,6456,3307,2014-02-17 21:46:36.630
1644,241,6835,3169,2014-02-11 10:17:16.547
1645,242,1024,177,2013-11-10 14:30:39.857
1646,242,4699,3082,2013-11-09 17:10:54.513
1647,242,4700,3258,2013-11-09 17:15:11.063
1648,243,1049,277,2014-03-27 11:08:55.600
1649,243,1830,2171,2014-04-04 18:13:52.293
1650,243,1834,2444,2014-04-01 08:37:36.933
1651,243,3500,2042,2014-03-23 21:38:37.250
1652,243,4287,3290,2014-04-04 10:07:25.670
1653,243,4701,3434,2014-03-24 14:42:08.730
1654,243,5051,2453,2014-03-31 13:25:30.603
1655,243,6010,3434,2014-04-02 13:43:52.740
1656,243,6010,3996,2014-03-31 09:41:07.077
1657,243,6900,570,2014-04-02 16:46:55.430
1658,244,3441,455,2014-01-25 15:14:36.833
1659,244,4164,1316,2014-01-26 11:21:24.717
1660,244,4287,3290,2014-01-27 16:12:34.523
1661,244,4611,130,2014-01-26 22:58:46.800
1662,244,4699,3082,2014-01-11 21:46:41.443
1663,244,4700,3258,2014-01-11 21:49:24.467
1664,245,3040,3275,2014-02-09 23:30:49.750
1665,245,3441,455,2014-02-10 17:37:52.140
1666,245,4287,3290,2014-01-28 13:40:34.620
1667,245,4611,130,2014-02-13 20:54:01.870
1668,245,5498,729,2014-02-13 20:50:28.127
1669,246,79,729,2014-01-06 13:09:57.917
1670,246,3441,455,2014-01-06 14:46:28.450
1671,246,4287,3290,2014-01-06 11:33:39.880
1672,246,4699,3082,2013-12-05 16:30:25.120
1673,246,4700,3258,2013-12-05 16:33:44.810
1674,247,1471,15,2014-03-31 09:30:18.073
1675,247,3441,455,2014-03-31 23:22:06.137
1676,247,5818,3685,2014-03-25 11:53:09.273
1677,248,52,246,2014-03-14 11:30:27.510
1678,248,135,472,2014-03-19 12:52:14.920
1679,248,3500,2042,2014-03-11 23:52:38.420
1680,248,6835,3169,2014-03-18 22:42:28.257
1681,249,38,564,2014-03-31 17:52:39.397
1682,249,42,18,2014-04-11 08:53:50.480
1683,249,43,445,2014-04-11 08:56:34.690
1684,249,44,442,2014-04-11 08:58:02.953
1685,249,55,354,2014-03-27 23:52:10.963
1686,249,79,729,2014-03-25 19:03:52.183
1687,249,93,2189,2014-03-25 19:02:48.487
1688,249,95,498,2014-04-13 23:03:55.563
1689,249,140,277,2014-03-20 18:15:30.677
1690,249,168,130,2014-03-25 18:52:57.217
1691,249,356,428,2014-04-30 17:35:36.550
1692,249,356,1102,2014-03-28 13:17:20.503
1693,249,356,1116,2014-03-28 14:18:46.500
1694,249,406,1369,2014-03-29 20:34:06.510
1695,249,505,177,2014-04-02 23:32:31.943
1696,249,515,219,2014-03-16 15:15:42.300
1697,249,587,4390,2014-04-30 23:44:23.043
1698,249,1015,493,2014-03-12 21:24:37.470
1699,249,1255,1004,2014-03-07 23:10:43.387
1700,249,1255,3601,2014-03-07 23:10:43.387
1701,249,1582,2454,2014-03-25 09:15:23.653
1702,249,1692,1048,2014-04-20 19:45:03.443
1703,249,1830,322,2014-03-09 20:28:12.843
1704,249,1830,1205,2014-03-09 20:28:52.517
1705,249,1834,1836,2014-04-22 22:50:49.483
1706,249,1834,2444,2014-03-09 22:19:36.097
1707,249,1839,128,2014-04-10 09:33:38.187
1708,249,1954,3983,2014-03-09 00:40:23.483
1709,249,1955,3128,2014-03-13 19:29:04.010
1710,249,2059,932,2014-04-01 21:04:48.283
1711,249,2069,1312,2014-03-26 20:17:41.070
1712,249,2505,2069,2014-03-20 22:45:22.130
1713,249,2505,3290,2014-03-20 22:57:32.247
1714,249,2691,2688,2014-04-20 19:44:01.993
1715,249,2691,4259,2014-04-20 19:43:54.440
1716,249,2692,2688,2014-04-20 19:43:31.867
1717,249,2692,4259,2014-04-20 19:43:23.010
1718,249,2901,2041,2014-04-07 16:10:51.110
1719,249,2973,2688,2014-04-20 19:42:53.233
1720,249,2973,4259,2014-04-20 19:42:32.073
1721,249,2978,2448,2014-04-13 12:28:50.177
1722,249,3033,2453,2014-03-12 09:19:17.907
1723,249,3034,692,2014-03-12 09:13:30.900
1724,249,3261,1831,2014-03-09 22:22:17.440
1725,249,3297,2359,2014-03-30 23:18:44.907
1726,249,3302,1625,2014-04-07 15:33:39.980
1727,249,3306,1579,2014-04-18 10:28:27.657
1728,249,3451,599,2014-04-18 10:33:30.577
1729,249,3500,630,2014-04-30 08:59:19.947
1730,249,3594,4413,2014-03-12 13:21:54.593
1731,249,3594,4414,2014-03-12 13:22:40.040
1732,249,3608,2756,2014-03-19 11:20:57.263
1733,249,3613,3154,2014-03-15 22:45:37.650
1734,249,4160,689,2014-04-02 14:55:40.810
1735,249,4161,3323,2014-03-31 08:17:06.027
1736,249,4193,282,2014-04-18 10:34:54.587
1737,249,4287,3290,2014-03-20 22:27:51.833
1738,249,4657,3330,2014-03-18 19:15:09.273
1739,249,4701,2391,2014-03-17 21:53:49.933
1740,249,4701,3420,2014-04-22 23:18:36.210
1741,249,4856,3374,2014-03-19 18:15:31.057
1742,249,4857,3307,2014-03-12 14:49:13.010
1743,249,4901,3113,2014-04-25 09:50:23.883
1744,249,4904,2050,2014-03-25 09:20:58.220
1745,249,4975,606,2014-04-10 11:49:21.257
1746,249,4976,3409,2014-04-10 09:30:00.560
1747,249,5843,455,2014-03-18 17:49:30.993
1748,249,5850,3131,2014-03-13 19:32:01.940
1749,249,6010,2391,2014-03-21 22:49:13.683
1750,249,6010,3434,2014-03-21 22:50:26.140
1751,249,6052,3374,2014-03-26 12:52:49.133
1752,249,6054,3338,2014-04-02 21:52:24.660
1753,249,6293,1364,2014-03-23 15:16:57.557
1754,249,6839,4079,2014-04-29 22:44:40.783
1755,249,6840,4525,2014-04-29 22:45:41.770
1756,249,6885,4460,2014-03-24 21:05:09.673
1757,249,6886,2444,2014-03-17 14:00:05.490
1758,249,6886,4418,2014-03-17 13:59:27.240
1759,249,6887,4433,2014-03-18 13:36:27.290
1760,249,6894,1125,2014-04-02 23:37:46.460
1761,249,6900,570,2014-03-26 22:52:06.590
1762,249,6901,3283,2014-04-25 14:07:51.987
1763,250,1255,1004,2014-08-13 10:18:35.557
1764,250,1255,3601,2014-08-13 10:18:35.557
1765,250,1830,322,2014-08-13 10:21:53.103
1766,250,1830,1205,2014-08-13 10:21:53.103
1767,250,4604,1625,2014-08-13 11:17:10.517
1768,250,5999,2041,2014-08-13 13:06:58.740
1769,250,6000,3272,2014-08-13 11:49:25.050
1770,250,6000,3434,2014-08-13 11:49:25.050
1771,250,6011,2453,2014-08-13 11:18:05.767
