,LidID,Nafn,Radnumer,LidaTegundID,Timastimpill
0,18,TUA,,20,2000-03-30 11:18:55.853
1,19,Rimar ,A,20,2000-03-30 12:24:31.213
2,20,UMF Reynir,,21,2000-03-30 15:53:33.017
3,22,Snæfell,,20,2000-03-30 22:01:33.397
4,23,Genturnar,1,21,2000-03-30 22:01:50.970
5,26,Snæfell,A,21,2000-03-30 22:09:38.573
6,27,Þróttur R,1,20,2000-03-30 23:47:16.597
7,28,Valur Reyðarfirði,,21,2000-03-31 16:10:54.963
8,29,Genturnar,2,21,2000-04-01 11:18:51.580
9,34,Röstin,,21,2000-04-02 15:49:57.717
10,35,HK,,22,2000-04-02 17:32:39.907
11,36,UNÞ,,21,2000-04-02 18:28:38.687
12,37,Honey Bees,,21,2000-04-02 20:41:37.507
13,38,Broskarlar,,20,2000-04-02 20:45:46.567
14,39,Sindri,,21,2000-04-03 10:12:23.580
15,42,Völsungur,A,21,2000-04-03 16:37:04.820
16,43,Völsungur,B,21,2000-04-03 16:47:17.280
17,44,Völsungur,C,21,2000-04-03 16:54:41.660
18,52,ÍK,A,21,2000-04-03 19:31:12.143
19,53,UNÞ,,20,2000-04-03 19:45:00.937
20,54,ÍK,B,21,2000-04-03 19:58:41.183
21,55,Skellur,,21,2000-04-03 20:06:50.290
22,60,Óðinn ,,20,2000-04-03 22:02:55.483
23,61,Óðinn,,22,2000-04-03 22:13:16.277
24,70,Stjarnan,A,21,2000-04-03 22:53:02.457
25,71,Þróttur R,2,20,2000-04-04 00:23:52.283
26,72,Þróttur R,3,20,2000-04-04 00:28:54.760
27,73,Þróttur R,4,20,2000-04-04 00:33:30.577
28,75,Völsungur,,20,2000-04-04 08:19:20.163
29,76,Völsungur ,,22,2000-04-04 08:26:43.083
30,79,Rimar,A,21,2000-04-04 08:54:33.893
31,80,Rimar ,B,20,2000-04-04 09:31:56.940
32,84,Lansinn,,21,2000-04-04 10:46:13.197
33,85,Austri,,21,2000-04-04 11:01:31.850
34,88,Stjarnan,B,21,2000-04-04 11:44:56.493
35,89,Bresi,A,21,2000-04-04 13:12:29.437
36,90,Bresi,B,21,2000-04-04 13:44:29.920
37,91,Súlur,,21,2000-04-04 14:04:21.010
38,92,Víkingur R,A,21,2000-04-04 14:04:54.150
39,93,Rimar,B,21,2000-04-04 14:08:04.753
40,94,Súlur,,23,2000-04-04 14:09:29.153
41,95,ÍS,,21,2000-04-04 14:37:15.080
42,98,Freyjur,,21,2000-04-04 15:06:23.113
43,102,Freyjur,,23,2000-04-04 15:27:19.300
44,108,Víkingur Ó,,20,2000-04-04 16:16:59.763
45,109,Víkingur Ó,,21,2000-04-04 16:31:07.173
46,110,HK,,21,2000-04-04 16:38:14.367
47,111,HK,,23,2000-04-04 16:44:54.883
48,112,Bresi,,23,2000-04-04 17:06:37.117
49,114,Snæfell,B,21,2000-04-04 18:12:37.290
50,115,Hvannir,A,21,2000-04-04 18:21:34.913
51,116,Þróttur N,B,20,2000-04-04 18:28:51.720
52,118,Þróttur N,A,20,2000-04-04 18:38:42.240
53,119,Hvannir,B,21,2000-04-04 19:01:49.717
54,120,Víkingur R,B,21,2000-04-04 19:06:30.750
55,121,Víkingur R,,23,2000-04-04 19:13:27.120
56,123,Smellur,,21,2000-04-04 19:35:52.363
57,124,Óðinn,,21,2000-04-04 20:49:54.230
58,125,Fylkir,A,21,2000-04-04 20:50:48.950
59,126,Fylkir,B,21,2000-04-04 20:58:46.447
60,127,Skautar ,,20,2000-04-04 22:27:12.063
61,129,Skautar,,22,2000-04-04 22:29:50.453
62,131,UMFG,,21,2000-04-04 23:01:41.250
63,132,Blakendur,,22,2000-04-05 08:36:18.053
64,135,Þróttur R,1,21,2000-04-05 08:46:12.530
65,137,Þróttur R,2,21,2000-04-05 09:13:52.107
66,138,Hamar,,20,2000-04-05 09:14:18.223
67,139,Þróttur R,,23,2000-04-05 09:15:51.277
68,140,Hamar,,21,2000-04-05 09:26:26.430
69,141,Fram,,20,2000-04-24 22:30:17.483
70,142,ÍS,A,20,2000-04-24 22:30:44.380
71,143,ÍS,B,20,2000-04-24 22:30:54.077
72,144,KA,,20,2000-04-24 22:31:07.013
73,145,Hyrnan,A,20,2000-04-24 22:31:15.357
74,146,Hyrnan,B,20,2000-04-24 22:31:25.230
75,147,Hyrnan,,22,2000-04-24 22:31:34.203
76,148,Bresi,,20,2000-04-24 22:31:44.127
77,149,Hávörn,,22,2000-04-24 22:32:04.577
78,151,Eik,,21,2000-04-24 22:44:20.603
79,152,Eik,,23,2000-04-24 22:51:37.260
80,153,Skautar,,21,2000-04-24 22:51:54.403
81,154,Krækjur,A,21,2000-04-24 22:52:07.100
82,155,Krækjur,B,21,2000-04-24 22:52:16.837
83,156,Afturelding,,21,2000-04-24 22:52:31.157
84,166,KA,b,20,2001-04-03 12:25:54.443
85,167,Prufa,,20,2001-04-03 13:34:47.407
86,168,Rimar,C,21,2001-04-06 08:32:55.070
87,169,Þórir Schiöth,,20,2001-04-06 21:36:42.660
88,170,Höttur,,20,2001-04-06 21:46:23.233
89,171,Höttur kv,,21,2001-04-06 22:02:04.210
90,172,Hvannir,B,21,2001-04-09 10:43:00.930
91,350,Skautar,B,21,2001-04-11 14:04:24.663
92,351,Hvannir,,21,2001-04-11 16:49:19.510
93,352,Valur Reyðarfirði,,20,2001-04-11 17:24:47.690
94,353,Valur Vegag Reyðarfirði,,20,2001-04-11 17:27:57.403
95,354,Fylkir,C,21,2001-04-13 18:18:24.070
96,355,Genturnar,2,21,2001-04-14 14:29:34.377
97,356,Þróttur N2,,20,2001-04-14 16:29:16.700
98,357,Blakfélag Reykjavikur,,21,2001-04-14 16:56:01.760
99,359,Stjarnan,C,21,2001-04-14 17:33:28.503
100,360,UMFT,,20,2001-04-14 20:19:40.083
101,361,UMFTa,,21,2001-04-14 20:36:13.443
102,362,Genturnar,3,21,2001-04-17 10:31:06.990
103,363,Dímon,,21,2001-04-17 23:37:41.393
104,406,Þróttur N,,20,2001-04-20 20:25:58.690
105,455,KA1, ,20,2001-11-09 17:21:54.670
106,456,Skautar,B,20,2001-11-12 13:12:07.200
107,457,Freyjur,B,20,2001-11-12 13:17:24.890
108,458,"Súlur, Siglufirði", ,21,2001-11-12 22:03:30.233
109,459,UNÞ karlar, ,20,2001-11-14 07:39:46.310
110,460,XX noname, ,20,2001-11-14 23:49:00.093
111,461,KA, ,21,2001-11-15 23:21:31.310
112,462,Eik,B,21,2001-11-15 23:25:46.717
113,463,Freyjur,B,21,2001-11-15 23:27:57.000
114,464,Skautar,A,20,2001-11-15 23:29:22.890
115,481,Afturelding-C, ,21,2001-11-20 09:34:14.250
116,482,Afturelding -2, ,21,2001-11-20 09:37:09.403
117,483,NATO, ,20,2001-11-21 08:33:32.480
118,484,NATO KK, ,20,2001-11-21 08:34:36.420
119,485,NATO Kvk, ,21,2001-11-21 08:35:42.623
120,486,NATOkvk, ,21,2001-11-21 08:38:16.560
121,495,Fylkir,A,21,2001-11-22 23:00:46.933
122,496,Fylkir,B,21,2001-11-22 23:05:05.607
123,497,108 Reykjavík, ,21,2001-11-22 23:11:53.687
124,498,HK,A,21,2001-12-05 20:46:23.733
125,499,HK,B,21,2001-12-05 20:50:44.513
126,500,Flugleiðir,2,20,2001-12-14 15:05:13.810
127,501,Flugleiðir, ,20,2001-12-14 15:05:31.327
128,502,HK mfl., ,21,2001-12-17 09:06:59.560
129,503,Dímon, ,20,2001-12-27 10:09:54.780
130,504,Bresi, ,20,2001-12-27 11:40:05.700
131,505,Hamar, ,20,2001-12-27 11:42:26.483
132,506,Hamar,A,20,2001-12-27 11:50:24.310
133,507,Blakfélag Reykjavíkur, ,20,2001-12-27 11:55:03.093
134,508,Blakfélag Reykjavíkur,A,21,2001-12-27 11:56:34.733
135,509,Blakendur, ,20,2001-12-28 10:24:08.107
136,510,Hrunamenn, ,20,2001-12-28 15:37:32.933
137,511,Stjarnan,B,21,2001-12-28 15:40:23.373
138,512,HK/KHÍ, ,20,2001-12-28 16:34:52.373
139,513,Þríttur 1,1,20,2002-01-01 12:31:38.140
140,514,Fram, ,20,2002-01-01 15:34:06.593
141,515,Hvannir, ,21,2002-01-01 15:41:56.123
142,516,UMFA,A,20,2002-01-01 15:42:49.123
143,517,UMFA,B,21,2002-01-01 15:44:27.843
144,546,Fylkir mfl, ,21,2002-01-02 20:27:51.937
145,583,Bresi,A,21,2002-02-25 09:55:02.107
146,584,Rimar,A,20,2002-02-26 13:30:24.403
147,585,UMF Bolungarvíkur, ,20,2002-02-28 15:49:47.513
148,586,Umf,B,21,2002-03-01 09:16:46.733
149,587,Bresi,C,21,2002-03-01 09:25:52.043
150,588,UMFG,B,21,2002-03-03 15:35:00.343
151,625,Mosöld, ,20,2002-03-05 22:01:20.920
152,656,Bresi,D,21,2002-03-06 21:15:06.107
153,657,HLB,,23,2002-03-19 15:16:06.590
154,658,KA,a,20,2002-04-04 15:13:09.310
155,659,Súlur-Konur 40 ára og eldri,,23,2002-04-09 16:19:12.467
156,668,Mosöld A+,,20,2002-04-11 20:56:32.140
157,669,Mosöld,A,20,2002-04-11 21:00:58.170
158,670,Afturelding kk A+,,20,2002-04-11 22:06:25.327
159,671,Afturelding,A,20,2002-04-11 22:11:43.827
160,673,"Víkingur, R.",,21,2002-04-12 14:12:30.077
161,674,KA,a,28,2002-04-13 08:34:24.170
162,675,KA,b,28,2002-04-13 08:36:26.483
163,676,KA,,29,2002-04-13 08:37:31.187
164,677,Afturelding,a,28,2002-04-13 08:43:31.797
165,678,Afturelding,b,28,2002-04-13 08:45:53.797
166,679,HK,a,28,2002-04-13 08:47:28.263
167,680,HK,b,29,2002-04-13 08:51:00.060
168,681,Þróttur N (kk),a,29,2002-04-13 08:53:19.810
169,682,Þróttur N,b,28,2002-04-13 08:54:02.000
170,683,Þróttur N,c,28,2002-04-13 08:54:48.093
171,684,Þróttur N,d,28,2002-04-13 08:55:31.683
172,685,Þróttur N,e,28,2002-04-13 08:56:11.230
173,686,Þróttur N,f,28,2002-04-13 08:57:26.123
174,687,Þróttur N (kvk),a,30,2002-04-13 08:59:08.327
175,688,Þróttur N (kvk),b,30,2002-04-13 08:59:52.170
176,689,Þróttur N,a,28,2002-04-13 09:00:34.200
177,690,Afturelding,,29,2002-04-13 09:01:19.183
178,691,HK,a,29,2002-04-13 09:02:15.980
179,692,HK,b,28,2002-04-13 09:03:09.013
180,693,KA,,33,2002-04-13 09:04:45.140
181,694,Þróttur N,,33,2002-04-13 09:05:38.607
182,695,Þróttur R,,35,2002-04-13 09:06:26.967
183,696,Þróttur N,,35,2002-04-13 09:08:00.200
184,729,Þróttur N (kk),b,29,2002-04-13 10:23:18.077
185,762,TUA,,24,2002-04-14 09:58:26.700
186,763,Steinunn gamla,,20,2002-04-15 09:04:05.640
187,764,Stjarnan Öðlingar,,23,2002-04-15 13:39:56.390
188,765,Snæfell,,21,2002-04-15 22:52:54.280
189,766,Árvakur, ,20,2002-04-16 21:54:11.030
190,767,Víkingur,,23,2002-04-16 22:38:14.217
191,768,Reynir,A,21,2002-04-19 18:19:54.717
192,853,HISK,,22,2002-04-22 11:46:34.653
193,854,HISK, ,22,2002-04-22 12:14:03.077
194,855,Víkingur, ,21,2002-04-23 22:38:50.467
195,856,Víkingur O, ,21,2002-04-23 22:51:47.327
196,899,ILSH 1,1,21,2002-05-29 15:06:19.390
197,900,ILSH,2,21,2002-05-29 15:09:29.310
198,901,ILSH,3,21,2002-05-29 15:09:50.123
199,902,Helsingfors&Nylands, ,21,2002-05-29 15:10:32.843
200,903,Sentralsjukehuset i,1,20,2002-05-29 15:10:55.937
201,904,Sentralsjukehuset i,2,20,2002-05-29 15:11:21.357
202,905,Sentralsjukehuset i Rogaland 2,6,21,2002-05-29 15:12:16.123
203,906,Haugesund Sjukehus, ,20,2002-05-29 15:12:36.140
204,907,Haugesund Sjukehus,7,21,2002-05-29 15:13:01.140
205,908,Sentralsjukehuset i Rogaland, ,20,2002-05-29 15:15:33.513
206,909,Kronåskameratene,2,20,2002-05-29 15:18:48.730
207,910,ILSH   2,2,21,2002-05-29 16:18:56.230
208,911,ILSH  3,3,21,2002-05-29 16:20:02.593
209,912,ILSH  2,2,21,2002-05-29 16:21:14.683
210,915,Helsingfors&Nyland,4,21,2002-05-29 16:24:44.483
211,916,Sentralsjukehuset i Rogaland,5,21,2002-05-29 16:25:45.827
212,919,Sentralsjukehuset i Rogaland 1,5,21,2002-05-29 16:27:31.827
213,922,Kronåskamraterna,,20,2002-05-29 16:35:36.107
214,923,Karsudden,,20,2002-05-29 16:36:21.390
215,924,UBIL-ULLEVAL,,20,2002-05-29 16:37:07.263
216,925,ILSH -mix,,40,2002-05-29 16:40:52.123
217,926,ASA BIL,,40,2002-05-29 16:41:34.047
218,927,Sentralsjukehuset i Rogaland,1,40,2002-05-29 16:42:34.327
219,928,Sentralsjukehuset i Rogaland,2,40,2002-05-29 16:43:47.590
220,929,Helsingfors&Nylands,,40,2002-05-29 16:44:55.153
221,930,Sykehuset Östfold Fredrikstad,,40,2002-05-29 16:46:07.560
222,931,UBIL-ULLEVAL,,40,2002-05-29 16:46:45.390
223,932,Kronåskamraterna,,40,2002-05-29 16:47:57.500
224,933,Oss Bil- Oppland Lillehammer,,40,2002-05-29 16:48:50.030
225,934,Lasarettets Karlkrona,,40,2002-05-29 16:49:30.547
226,935,Kuggarna,,40,2002-05-29 16:50:00.200
227,936,Haugesund sjukehus,1,40,2002-05-29 16:50:36.780
228,937,Haugesund sjukehus,2,40,2002-05-29 16:51:09.217
229,938,Aker sykehus,,40,2002-05-29 16:51:39.013
230,939,Karsudden,,40,2002-05-29 16:52:10.560
231,955,ILSH,1,39,2002-05-29 17:19:30.623
232,956,ILSH,2,39,2002-05-29 17:20:03.263
233,957,ILSH,3,39,2002-05-29 17:20:32.640
234,958,Helsingfors & Nylands,,39,2002-05-29 17:21:46.217
235,959,Sentralsjukehuset i Rogaland,1,39,2002-05-29 17:22:52.343
236,960,Sentralsjukehuset i Rogaland,2,39,2002-05-29 17:23:24.467
237,961,Haugesund Sjukehus,,39,2002-05-29 17:24:26.200
238,1008,BLÍ,,40,2002-09-18 13:32:37.700
239,1009,HK, ,39,2002-09-24 16:57:52.607
240,1010,Þróttur N., ,39,2002-09-24 16:58:27.357
241,1011,Þróttur R., ,39,2002-09-24 16:58:45.530
242,1012,HK,1,38,2002-09-24 17:03:53.733
243,1013,Stjarnan, ,38,2002-09-24 17:04:14.577
244,1014,Þróttur,1,38,2002-09-24 17:05:08.467
245,1015,Þróttur,2,38,2002-09-24 17:05:23.840
246,1016,ÍS , ,38,2002-09-24 17:05:52.450
247,1017,Hamar,1,38,2002-09-24 17:06:19.403
248,1018,Þróttur Nesk,,39,2002-09-24 21:14:11.683
249,1019,Þróttur R,,38,2002-09-25 17:29:59.983
250,1020,Þróttur R,2,38,2002-09-25 17:34:50.937
251,1021,Stjarnan,,38,2002-09-25 17:36:18.920
252,1022,HK,,38,2002-09-25 17:37:28.780
253,1023,ÍS,,38,2002-09-25 17:38:09.983
254,1024,Hamar,,38,2002-09-25 17:39:15.513
255,1031,NATO,,38,2002-10-02 21:07:19.857
256,1032,KA,,39,2002-10-23 16:34:07.983
257,1033,HK,,39,2002-10-23 18:48:12.513
258,1034,Fylkir,,39,2002-10-23 18:50:45.827
259,1040,"Fylkir mfl.kv,",,39,2002-10-23 18:52:24.903
260,1041,Nato,,39,2002-10-23 18:53:34.873
261,1042,Víkingur Ó,A,21,2002-11-04 09:30:58.280
262,1043,Víkingur Ó,B,21,2002-11-04 09:32:25.310
263,1044,Súlur,A,39,2002-11-04 19:36:32.060
264,1045,Súlur,B,39,2002-11-04 19:44:12.920
265,1046,KA,a,30,2002-11-05 09:37:13.077
266,1047,Reynir,B,39,2002-11-05 14:35:56.013
267,1048,KA,,32,2002-11-06 08:06:11.717
268,1049,Hamar,,39,2002-11-06 17:29:28.200
269,1050,Thule,,20,2002-11-06 19:56:18.623
270,1070,Þróttur N,,32,2002-11-07 17:21:42.967
271,1071,Þróttur N,a,35,2002-11-07 17:23:09.123
272,1072,Þróttur N,b,35,2002-11-07 17:23:57.873
273,1073,Þróttur Nes,,21,2002-11-07 20:58:16.843
274,1074,Þróttur N kvk,a,32,2002-11-08 11:22:14.033
275,1083,Völsungur öðlingar,,23,2002-11-11 11:30:33.860
276,1084,Ka b,1,39,2002-11-12 15:12:51.860
277,1085,Öðlingar,1,38,2002-11-12 15:22:40.550
278,1086,H-Fleygur,,38,2002-11-12 21:50:48.690
279,1087,Skautar,A,39,2002-11-13 00:29:06.300
280,1088,Skautar,B,21,2002-11-13 00:38:39.017
281,1089,Freyjur,A,21,2002-11-13 16:21:06.847
282,1106,Laugabland , ,40,2002-11-13 22:21:31.683
283,1127,Platlið (101),A,38,2002-11-14 15:07:17.913
284,1130,Súlur,C,21,2002-11-14 15:19:42.070
295,1171,KMK,4,21,2002-12-19 16:45:55.870
296,1172,Kristín Sævarsdóttir,,21,2002-12-30 16:16:59.113
297,1173,KMK,4,21,2002-12-30 16:23:04.913
298,1174,Víkingur,2,23,2003-01-02 17:52:08.937
299,1175,KMK,,21,2003-01-02 17:55:50.737
300,1176,Afturelding,,20,2003-01-02 18:00:37.127
301,1195,HK 4.fl. drengir,,21,2003-01-02 18:19:41.380
302,1196,UNÞ-karlar,,38,2003-01-05 23:48:58.897
303,1197,Óðinn,,38,2003-01-08 15:52:33.153
304,1198,Laugaland,,21,2003-01-16 22:41:54.097
305,1199,Laugaland,,20,2003-01-16 22:43:52.133
306,1203,Víkingur Ólafsvík,,39,2003-01-17 11:35:28.680
307,1204,Dímon,,20,2003-01-22 20:31:26.200
308,1205,Fleygur,,20,2003-01-23 23:21:21.170
309,1206,umfg,,39,2003-02-20 11:53:32.500
310,1207,Víkingur-A-R-vík,,23,2003-02-28 00:44:21.077
311,1208,Víkingur-Rvík,,23,2003-02-28 00:45:20.467
312,1209,Þróttur,A,21,2003-03-04 19:02:26.623
313,1210,Skellur,2,21,2003-03-04 20:05:52.233
314,1211,UMFG,B,39,2003-03-05 08:30:22.687
315,1254,Víkingur,A,39,2003-03-13 11:30:20.217
316,1255,Hrunamenn,,38,2003-03-15 17:45:19.187
317,1256,Þróttur Rvk,,21,2003-03-20 09:32:01.200
318,1261,Garpur (Laugaland),,39,2003-03-27 12:00:28.903
319,1262,Garpur (Laugaland),,20,2003-03-27 16:26:59.107
320,1263,BR,,21,2003-03-28 15:13:30.170
321,1264,Stuðboltastelpur,,21,2003-03-31 21:55:46.840
322,1272,Þróttur,1,20,2003-04-01 15:27:59.077
323,1329,Þróttur R,,28,2003-04-05 21:54:58.937
324,1332,Lansinn,1,20,2003-04-05 23:48:36.420
325,1333,Lansinn,0,20,2003-04-05 23:49:02.467
326,1334,Lansinn, ,20,2003-04-05 23:49:28.797
327,1335,Saman safn,,20,2003-04-09 12:22:15.043
328,1336,Afturelding- 4. fl. blandaður,,31,2003-04-09 13:11:11.717
329,1377,HVIK,,23,2003-04-22 12:40:23.797
331,1384,Glófi,a,28,2003-04-26 17:33:46.200
332,1386,Glófi -,b,28,2003-04-26 17:41:56.733
333,1387,Glófi -,c,28,2003-04-26 17:44:35.123
334,1388,KA -,a,43,2003-04-26 18:08:22.747
335,1389,KA -,b,43,2003-04-26 18:10:36.903
336,1390,KA -,c,43,2003-04-26 18:12:42.043
337,1391,KA -,d,43,2003-04-26 18:13:31.170
338,1392,Glófi -,a,43,2003-04-26 18:15:18.263
339,1393,Glófi -,b,43,2003-04-26 18:16:38.043
340,1394,Glófi -,c,43,2003-04-26 18:17:38.703
341,1395,B-United,,39,2003-10-03 18:07:58.780
346,1435,Afturelding,,38,2003-10-23 15:39:47.530
349,1438,ÍS,,39,2003-10-25 17:55:40.543
350,1439,HK,b,39,2003-10-25 17:58:08.873
351,1440,Þróttur,2,39,2003-10-25 18:00:44.687
352,1441,ÍK,,39,2003-10-25 18:04:23.793
353,1442,Afturelding,,39,2003-10-25 18:04:59.467
354,1443,Fylkir,b,39,2003-10-25 18:05:40.013
355,1444,Stjarnan,,39,2003-10-25 18:06:57.653
356,1445,Freyjur,,39,2003-10-25 18:10:30.983
357,1446,Eik,,39,2003-10-25 18:11:11.623
358,1447,Rimar,,39,2003-10-25 18:13:20.170
359,1448,Völsungur,,39,2003-10-25 18:15:09.310
368,1457,KA,,38,2003-10-25 18:35:54.187
369,1458,Þróttur N,,38,2003-10-25 18:36:52.920
370,1459,Rimar,,38,2003-10-25 18:37:56.733
371,1460,Systurnar,,39,2003-11-04 13:52:48.060
372,1469,UNÞ,,38,2003-11-24 18:24:08.153
373,1470,Skutlur,,21,2003-11-25 16:25:00.843
374,1471,KA,Ö,20,2003-11-26 17:48:15.043
375,1472,KA,Ö,21,2003-11-26 17:49:27.793
376,1499,Heimsmeistararnir,,20,2003-12-30 14:33:47.750
377,1500,Krækjur,,21,2004-01-06 16:16:33.983
378,1530,Dimon 00,,21,2004-01-22 18:58:30.077
397,1567,Hyrnan,A,24,2004-02-17 20:47:49.123
398,1568,Hyrnan,B,24,2004-02-17 20:57:56.060
399,1572,Súlur,A,23,2004-02-17 21:13:26.013
400,1573,Súlur,B,23,2004-02-17 21:19:19.953
401,1574,11,,39,2004-02-18 10:17:55.123
402,1578,Óðinn,1,20,2004-02-19 10:00:32.700
403,1579,Snæfell,B,39,2004-02-19 13:53:01.200
404,1580,Reynir Hellissandi,,39,2004-02-22 18:06:51.890
405,1581,Bresi,B,20,2004-02-23 22:31:00.437
406,1582,Afturelding-3,,21,2004-02-24 08:20:03.890
407,1615,Íþróttafélagið Flatmagar,1,24,2004-03-02 17:53:39.327
408,1616,Hvannir,,39,2004-03-03 13:14:47.450
409,1675,Skellur,,39,2004-03-17 19:20:33.467
410,1688,Skautar,B,39,2004-03-22 23:53:15.327
411,1689,Huginn,,20,2004-03-29 20:16:19.420
412,1691,Áliðið,,20,2004-04-01 09:55:41.453
413,1692,Rimar Á,,20,2004-04-01 10:15:21.293
414,1693,IDOL,,21,2004-04-01 14:51:48.857
415,1694,Óðinn - Skautar,,20,2004-04-01 21:19:17.090
416,1735,KA,a,44,2004-08-14 17:55:00.450
417,1736,BB,5,46,2004-08-17 02:21:23.827
418,1737,Sólon,,44,2004-08-17 12:06:54.467
419,1738,HK,,44,2004-08-18 16:23:37.670
420,1739,KA,a,46,2004-08-19 14:40:20.857
421,1740,S.A.,,45,2004-08-20 21:06:29.013
422,1741,A.A.,,44,2004-08-20 21:09:41.437
423,1742,Sandalar,,44,2004-08-21 21:05:34.310
424,1743,Nato - Blandað,,40,2004-08-23 12:08:30.937
425,1744,flugfelag.is,,44,2004-08-23 13:07:40.670
426,1745,Thule - Blandað,,40,2004-08-23 13:36:11.013
427,1746,K.A.,,46,2004-08-24 18:31:07.810
428,1747,Pronto,,40,2004-08-26 15:16:58.607
429,1748,Þróttur Reykjavík,,46,2004-08-26 16:06:19.890
430,1749,Fylkir,,40,2004-08-27 13:03:23.890
431,1750,Fylkir I,,40,2004-08-27 13:04:21.983
432,1751,HK strandblak kvenna,,46,2004-08-27 15:02:11.090
433,1752,Beach Boys,,44,2004-08-30 09:25:51.310
434,1753,Þróttur Reykjavík,,44,2004-08-30 10:31:49.670
435,1755,Þróttur R,,44,2004-08-31 16:04:25.483
436,1756,Höfrungur,,46,2004-08-31 19:13:43.153
437,1757,HK,,46,2004-08-31 20:18:14.233
438,1758,Plafur Tjarnax,1,44,2004-08-31 21:03:31.357
439,1759,Plafur Tjarnax,,44,2004-08-31 21:04:18.780
440,1760,Gormar,,38,2004-09-01 11:32:31.450
441,1761,ÍS,,46,2004-09-02 11:44:32.043
442,1764,Jói og Gotti,,44,2004-09-03 15:47:58.340
447,1801,Þróttur,,40,2004-09-06 16:46:18.810
448,1802,Dímon,,40,2004-09-06 23:48:31.263
451,1813,HK - A 3.fl.drengja,,21,2004-10-13 12:23:24.373
452,1814,HK - B 3.fl.drengja,,21,2004-10-13 12:24:38.107
453,1815,UMFÁ,A,39,2004-10-13 23:56:06.810
454,1816,UMFÁ,B,39,2004-10-13 23:59:23.577
455,1817,Bifröst,,38,2004-10-18 11:29:26.513
456,1818,Bifröst,,39,2004-10-18 11:31:56.530
463,1825,Bifröst,b,39,2004-10-29 12:17:46.637
464,1828,Freyjur,a,39,2004-11-03 11:02:55.313
465,1829,Freyjur,b,39,2004-11-03 11:08:52.970
466,1830,Fylkir,,38,2004-11-03 11:16:51.470
467,1831,KA,b,39,2004-11-03 11:20:48.847
468,1833,KA,b,38,2004-11-03 11:21:59.720
469,1834,Laugdælir,,38,2004-11-03 11:34:41.297
470,1837,Völsungur,a,39,2004-11-03 11:49:47.377
471,1838,Völsungur,b,39,2004-11-03 11:51:33.940
472,1839,Völsungur,,38,2004-11-03 11:53:14.203
473,1840,Þróttur,b,39,2004-11-03 11:56:25.267
474,1841,Þróttur,b,38,2004-11-03 11:58:05.580
475,1842,Þróttur,c,38,2004-11-03 11:58:40.343
476,1843,Þróttur,b,39,2004-11-03 12:02:29.063
477,1860,Víkingur/Grundarfjörður,,33,2004-11-15 21:30:43.183
478,1865,Víkingur/UMFG,,33,2004-11-16 10:57:21.250
479,1866,Víkingur/UMFG,,39,2004-11-17 14:35:51.590
480,1867,Hyrnan,,38,2004-11-17 21:39:55.917
481,1868,Þingeyingar,,38,2004-11-17 23:24:44.963
482,1953,BB - Blakfélagið Björgvin,,22,2004-12-30 21:29:54.307
483,1954,Stjarnan,,20,2004-12-30 21:33:34.243
484,1955,Grótta,,21,2005-01-04 17:50:34.823
485,1956,Thule,,38,2005-01-05 13:42:37.167
486,2058,Laugdælir,,21,2005-01-25 09:56:47.900
487,2059,Sindri,,39,2005-01-27 08:38:52.150
488,2060,Sindri,a,21,2005-01-27 12:39:51.197
489,2069,Reynir,A,39,2005-02-02 21:52:53.697
490,2070,UMFÁ,,39,2005-02-13 23:31:25.650
491,2071,Laugdælur,,39,2005-02-15 09:42:20.090
492,2072,Snæfell,,39,2005-02-16 22:41:46.650
493,2085,ÍBR,,38,2005-02-23 18:30:28.603
494,2086,Þróttur R 1.flokkur,,39,2005-02-24 15:21:26.790
495,2087,UMFTb,,39,2005-02-27 17:48:43.480
496,2088,ÍKÍ,,39,2005-03-01 20:41:53.230
497,2089,HK,B,21,2005-03-02 09:09:56.620
498,2130,KMK-A,,39,2005-03-11 15:23:18.887
499,2131,KMK-B,,39,2005-03-11 15:24:45.620
500,2132,Blaklið Dóru Hjösss,,21,2005-03-14 13:55:16.400
501,2133,Bjarg,,23,2005-03-16 11:33:26.713
502,2184,FedEx,,20,2005-03-17 07:49:07.743
503,2185,Neisti Djúpavogi,,21,2005-03-17 14:43:23.073
504,2216,Hyrnan,1,20,2005-03-21 10:52:52.823
505,2217,Hyrnan,2,20,2005-03-21 10:55:52.730
506,2218,Súlur,1,21,2005-03-21 10:57:13.120
507,2219,Súlur,2,21,2005-03-21 10:58:07.853
508,2220,Start-x,,21,2005-03-27 14:20:04.013
509,2221,UMF Reynir,,39,2005-03-28 15:02:53.450
510,2224,UMF Reynir,1,39,2005-03-28 15:05:38.327
511,2226,noname,,39,2005-03-29 13:50:35.093
512,2227,no name,,21,2005-03-29 14:00:45.840
513,2228,NO NAME,2,20,2005-03-29 17:36:17.577
514,2229,NO NAME,2,21,2005-03-29 17:37:14.670
515,2238,N0 NAME,,21,2005-04-03 20:19:20.763
516,2239,Ungmennafélag Laugdæla,,21,2005-04-04 15:25:25.700
517,2240,Fjarðabyggð,,21,2005-04-04 18:03:47.937
518,2241,Þróttur,3,20,2005-04-04 21:11:12.217
519,2242,Röstin,b,21,2005-04-04 22:01:20.480
520,2243,Hrafnkell Freysgoði,,21,2005-04-05 18:10:26.280
521,2244,Eik-úr,,23,2005-04-07 13:07:51.233
522,2245,HK,A,21,2005-04-08 10:04:53.890
523,2255,KA,C,20,2005-04-11 09:58:27.250
524,2256,MÍR,,20,2005-04-11 13:58:25.013
525,2263,Stjörnur Péturs,,20,2005-04-12 12:17:26.997
526,2310,KA guttar,,20,2005-04-12 13:39:03.890
527,2341,Einar&Brynjar,,44,2005-06-22 07:07:23.030
528,2342,Háin,,46,2005-06-22 09:19:02.530
529,2343,Jón & Kalli,,44,2005-06-22 09:36:44.060
530,2344,Emil&Óli Heimir,3,44,2005-06-22 12:29:09.763
531,2345,Gaui&Eiki,,44,2005-06-22 12:38:27.373
532,2346,Eiki&Gaui,,44,2005-06-22 12:41:00.920
533,2347,Fram,,44,2005-06-22 13:28:36.500
534,2348,FC United,4,45,2005-06-22 21:59:42.920
535,2349,Sólstrandargæjarnir,1,45,2005-06-22 23:30:04.077
536,2350,Sólstrandargæjarnir,3,45,2005-06-22 23:30:15.670
537,2355,Sólstrandargæjarnir,7,45,2005-06-22 23:30:55.327
538,2356,BIDA,,46,2005-06-23 13:16:52.873
539,2357,YO-MAMA,3,45,2005-06-23 23:14:50.640
540,2358,Styrkur,,44,2005-06-29 10:08:37.793
541,2359,Thule,,39,2005-07-01 16:20:35.373
542,2360,Þórey og Gása,,46,2005-07-01 20:50:15.577
543,2361,Einstaklingar Haustm.Fylkis,,40,2005-08-23 13:26:01.420
544,2362,B Utd. +,,40,2005-09-06 13:15:13.450
545,2363,B Utd. ++,,40,2005-09-06 13:19:33.140
546,2364,NATO,A,40,2005-09-07 09:08:17.077
547,2365,NATO,B,40,2005-09-07 09:14:49.843
548,2413,Þróttur,B,21,2005-10-17 17:01:12.997
549,2414,UMFG-C,,33,2005-11-08 14:29:47.500
550,2415,Eik-Bland,,21,2005-11-22 18:43:25.000
551,2416,KA-Freyjur,,39,2005-11-23 20:13:56.297
552,2417,KA-Freyjur -a,,39,2005-11-23 20:14:25.653
553,2418,Plat,,38,2005-11-24 12:57:03.593
554,2419,Plat,A,39,2005-11-24 12:58:28.873
555,2420,Plat,B,39,2005-11-24 12:59:18.140
556,2448,Sputnik,,38,2006-01-05 23:45:01.543
563,2455,Afturelding,,33,2006-01-08 14:02:20.437
564,2456,HK - 3.flokkur KK,,39,2006-01-09 20:30:26.310
565,2457,HK 2. flokkur drengja,,38,2006-01-09 21:07:31.560
566,2458,hk,,35,2006-01-10 16:45:38.903
567,2459,Marel,,20,2006-01-10 18:21:53.763
568,2504,Álftanes,,39,2006-02-02 15:34:17.077
569,2505,Snörtur FC,8,38,2006-02-07 22:33:44.810
570,2506,Drama,,23,2006-02-08 11:34:49.437
571,2507,Drama1,,23,2006-02-08 11:35:03.857
572,2508,Drama2,,21,2006-02-08 11:45:19.390
573,2578,Oðinn,,20,2006-02-14 10:17:24.640
574,2579,Leiknir Fáskrúðsfirði,,21,2006-02-22 15:20:58.013
575,2580,Smassararnir,,38,2006-02-24 19:40:43.373
576,2655,NATO Men,,38,2006-03-20 14:18:53.420
577,2656,NATO Women,1,39,2006-03-20 14:24:57.187
578,2657,Blakendur,,38,2006-03-21 21:42:20.733
579,2690,UMFG-Karlar,,20,2006-03-30 08:59:46.717
580,2691,Álftanes,A,39,2006-04-02 17:23:01.140
581,2692,Álftanes,B,39,2006-04-02 17:30:56.030
582,2693,Grótta,,23,2006-04-03 09:48:01.950
583,2694,HAVST,1,20,2006-04-03 13:42:07.420
584,2695,HAVST,,20,2006-04-03 13:43:37.467
585,2696,Bragi,,22,2006-04-03 15:29:49.950
586,2697,Hvannir,A,23,2006-04-03 18:06:50.560
587,2778,Víkingur Ó gestir,,38,2006-04-11 15:55:44.340
588,2791,Gestir,,39,2006-04-11 16:30:52.983
589,2792,VST,,20,2006-04-11 18:27:24.140
590,2840,UMFG,,38,2006-10-08 23:00:45.640
591,2841,UMFG,b,38,2006-10-11 22:55:08.013
592,2842,UMFG,,32,2006-10-19 13:33:27.593
593,2864,KA,A,21,2006-11-14 20:21:34.483
594,2865,KA,B,21,2006-11-14 20:24:13.640
595,2866,Auka,,38,2006-11-15 22:17:43.340
596,2873,BB - Björgvin,,38,2007-01-03 15:02:35.560
597,2874,Hilmar,,34,2007-01-04 23:09:01.747
598,2875,KA,2,34,2007-01-04 23:13:00.670
599,2879,KA strákar,1,34,2007-01-04 23:14:57.233
600,2880,KA 2,7,34,2007-01-04 23:15:18.700
601,2898,Þróttur B,2,39,2007-01-08 13:07:38.670
602,2899,Þróttur B,3,39,2007-01-08 13:09:33.030
603,2900,"Fra,",,38,2007-01-10 17:31:59.687
604,2901,Lansinn,b,21,2007-01-10 21:42:35.780
605,2909,Lansinn ÍLSP,,21,2007-01-10 21:45:19.467
606,2910,Fylkir 3fl. blandað,,33,2007-01-10 22:23:20.763
619,2972,Höttur,2,21,2007-03-09 15:06:56.187
620,2973,Álftanes,C,39,2007-03-15 22:20:05.577
621,2974,HK-A 3. fl. drengja,,38,2007-03-22 12:56:33.997
622,2975,Víkingur Ó,,38,2007-03-26 22:35:47.903
623,2976,hrafnkell freysgoði,,20,2007-04-02 10:14:18.530
624,2977,Þróttur B-United,,39,2007-04-02 10:19:53.513
625,2978,KA K-lið,,20,2007-04-02 10:55:00.280
626,2979,KA -,B,23,2007-04-02 17:12:44.873
627,2980,Broskarlar II,,20,2007-04-02 20:26:17.670
628,2981,UNÞ,b,20,2007-04-04 19:13:17.247
629,3004,Afturelding-4,,21,2007-04-15 13:09:34.967
630,3005,HSK,,38,2007-06-27 23:20:51.983
631,3006,UMSK,,38,2007-06-27 23:22:10.903
632,3007,UMSE,,38,2007-06-27 23:22:42.060
633,3008,HSH,,38,2007-06-27 23:23:05.733
634,3009,HSK,,39,2007-06-27 23:23:29.153
635,3010,UMSK,,39,2007-06-27 23:23:53.060
636,3011,UMSE,,39,2007-06-27 23:24:21.233
637,3012,HSH,,39,2007-06-27 23:24:48.717
638,3013,ÍBR,,39,2007-06-27 23:25:18.437
639,3028,Þróttur Rvk. - mfl. kvk.,,39,2007-09-17 21:41:24.797
640,3029,Hk - utd.,,21,2007-09-19 10:26:40.653
641,3030,HK 3.flokkur kk,,38,2007-09-27 23:18:14.640
642,3031,HK utd.,,39,2007-10-03 13:24:01.857
643,3032,Fylkir mfl.,,39,2007-10-08 16:35:41.530
644,3033,Afturelding,2,21,2007-10-08 21:33:39.373
645,3034,Afturelding,1,21,2007-10-08 21:37:29.983
646,3035,Víkingur/Reynir,,33,2007-10-09 08:27:58.780
647,3036,Víkingur/Reynir,,32,2007-10-09 08:32:35.623
648,3037,Aftuelding 3.fl.pilta,,21,2007-10-09 22:44:25.110
649,3038,Afturelding 2- 3.fl.pilta,,21,2007-10-10 14:16:34.483
650,3039,Fylkir 3 fl. og konur,,39,2007-10-11 16:46:20.187
651,3040,Fylkir,B,38,2007-10-11 22:35:10.763
660,3132,Vík-Reynir 3.fl. pilta,,21,2007-10-12 11:17:32.360
661,3179,Huginn,,39,2007-11-10 14:20:56.110
662,3180,Huginn,,38,2007-11-13 23:24:09.450
663,3181,Óðinn-Skautar,,24,2007-11-15 20:44:58.687
664,3182,Feðgar,,38,2007-11-21 12:46:27.437
665,3183,ÍFL,,34,2007-11-22 08:49:27.983
666,3196,Eyða,k,39,2007-11-22 10:33:10.123
667,3209,Turnarnir,,34,2007-11-22 12:25:53.170
668,3226,Stjarnan,,32,2007-12-06 00:15:09.700
669,3227,Stjarnan,,33,2007-12-06 00:18:30.153
670,3228,Fylkir - byrjendalið,,39,2007-12-06 01:04:09.233
671,3229,Jólapúkar,,39,2007-12-08 10:48:49.060
672,3230,Stjarnan piltar,,21,2007-12-08 11:49:21.030
673,3231,Stjarnan stúlkur,,21,2007-12-08 11:52:04.420
674,3232,Afturelding piltar,,20,2007-12-08 12:09:08.717
675,3236,Aftuelding 3.fl.pilta,,38,2008-01-09 22:14:22.920
676,3237,ÍS,,20,2008-01-10 10:52:09.360
677,3238,Óðinn-Skautar,,38,2008-01-10 11:34:53.250
678,3239,ÍFL stelpur,,35,2008-01-10 11:56:42.420
679,3240,HK A - 3.fl.kvk,,33,2008-01-10 15:01:12.060
680,3241,HK B - 3.fl.kvk,,33,2008-01-10 15:03:10.983
681,3242,Stjarnan 3.fl.pilta,,21,2008-01-10 19:31:20.500
682,3243,Stjarnan 3.fl.stúlkna,,21,2008-01-10 19:34:04.717
683,3244,Víkingur/Reynir 3.fl.stúlkna,,21,2008-01-10 19:43:29.090
684,3245,Þróttur R 2.fl. stúlkna,,21,2008-01-10 19:45:26.500
685,3248,Stjarnan,,21,2008-01-10 20:21:21.483
686,3258,Óðinn/Skautar,1,38,2008-01-23 20:57:36.590
687,3259,Óðinn/Skautar,2,38,2008-01-23 20:59:22.280
688,3260,KA +,,38,2008-01-24 11:46:24.030
689,3261,Laugdælur,,21,2008-02-13 16:06:28.390
690,3262,HK,,20,2008-02-18 12:20:47.700
691,3280,HK-Víkingur,,21,2008-02-27 20:43:21.263
692,3297,Massablak,,20,2008-02-29 17:33:46.250
693,3298,HK,1,21,2008-03-18 16:28:39.403
694,3299,HK,2,21,2008-03-18 16:32:44.153
695,3300,Skellur,B,21,2008-03-25 23:42:14.717
696,3301,Skellur karlar,,20,2008-03-25 23:47:03.107
697,3302,Lansinn,a,21,2008-03-27 08:53:19.123
698,3303,HSÞ,,20,2008-03-31 14:18:10.187
699,3304,HSÞ - UNÞ,,20,2008-03-31 14:19:04.233
700,3305,HSÞ - Snörtur,,20,2008-03-31 14:21:11.187
701,3306,KA-Freyjur,A,39,2008-03-31 17:52:34.623
702,3425,U19 Ísland,,50,2008-08-30 14:09:06.043
703,3426,U19 Ísland,,51,2008-08-30 14:11:13.123
704,3427,U19 Denmark,,50,2008-08-30 14:12:43.903
705,3428,U19 Denmark,,51,2008-08-30 14:13:54.497
706,3429,U19 Norge,,50,2008-08-30 14:15:26.497
707,3430,U19 Norge,,51,2008-08-30 14:16:08.700
708,3431,U19 Sverige,,50,2008-08-30 14:21:21.233
709,3432,U19 Sverige,,51,2008-08-30 14:22:05.670
710,3433,U19 England,,50,2008-08-30 14:23:59.250
711,3434,U19 England,,51,2008-08-30 14:24:32.217
712,3435,U19 Föroyar,,51,2008-08-30 14:27:03.200
713,3436,HK Ungar,,39,2008-09-23 14:46:58.543
714,3437,HK Síungar,,39,2008-09-23 14:49:30.483
715,3440,Skotta Vopnafirði,,39,2008-09-27 00:53:41.497
716,3441,Óðinn/Skautar,,38,2008-10-14 23:24:55.640
717,3442,Fylkir,C,39,2008-11-03 14:57:02.343
718,3443,Álftanes C - byrjendur,,39,2008-11-03 15:35:29.297
719,3444,Afturelding,5,21,2008-11-04 20:43:16.327
720,3445,Fylkir,D,39,2008-11-05 15:06:54.153
721,3446,HK utd.,1,39,2008-11-12 14:02:55.733
722,3449,Team Unicorn,,48,2008-11-17 22:50:58.857
723,3450,Aumingjarnir,,38,2008-11-18 17:05:26.640
724,3451,KA-Freyjur,B,39,2008-11-19 15:11:42.077
725,3452,KA stelpur,,39,2008-11-19 18:27:49.890
726,3453,KA guttar,,38,2008-11-19 23:07:59.983
727,3500,Verkís,,20,2008-11-24 14:23:29.483
736,3509,Huginn/Höttur,,39,2009-01-04 21:54:20.140
737,3510,Bjarmi,,33,2009-01-07 11:19:11.687
738,3513,Víkingur/Reynir,1,33,2009-01-07 22:02:10.437
739,3514,UNÞ,2,38,2009-01-08 09:24:16.390
740,3515,UNÞ,1,38,2009-01-08 09:25:29.217
741,3516,Verkís-Fylkir,,20,2009-01-08 21:33:37.997
742,3517,Stjarnan 3 fl. pilta,,32,2009-01-08 22:52:17.437
743,3518,Vík/Reyn 3.fl stúlk.,,33,2009-01-08 22:54:00.250
744,3519,Grótta,B,21,2009-01-28 23:55:04.607
761,3560,UMFL Dælur,,39,2009-02-17 17:47:50.123
762,3561,UMFL Vatnið,,39,2009-02-17 18:03:02.733
763,3594,MassaDjamm,,20,2009-02-26 12:47:55.890
774,3605,HK,C,21,2009-03-08 21:52:10.840
775,3606,Leiknir,B,21,2009-03-20 12:45:24.607
776,3607,Leiknir Fásk,,20,2009-03-20 12:54:47.717
777,3608,KA '96,,20,2009-03-23 15:45:11.577
778,3609,Rimar,B,23,2009-03-24 18:28:36.857
779,3610,Verkís,A,20,2009-03-25 14:58:06.247
780,3611,Verkís,B,20,2009-03-25 15:00:24.937
781,3612,Rassskellur,,20,2009-03-27 15:04:43.763
782,3613,Sindri,,20,2009-03-28 18:51:58.390
783,3614,Sindri,2,21,2009-03-30 22:09:28.250
784,3615,þróttur Nes 3,3,21,2009-03-31 10:26:47.810
785,3616,Víkingur Reykjavík,,23,2009-03-31 20:44:23.110
786,3617,Óðinn-Skautar,,20,2009-03-31 20:51:15.233
787,3618,Skautar-Óðinn,,20,2009-03-31 21:01:28.043
788,3619,Víkingur R,,21,2009-03-31 21:23:57.920
789,3620,Snörtur,1,20,2009-04-01 09:27:13.983
790,3621,MK,,40,2009-04-02 14:13:35.327
791,3622,MA,,40,2009-04-02 14:15:13.763
792,3623,Framh.sk. á Laugum,,40,2009-04-02 14:17:12.500
793,3624,FSU,,40,2009-04-02 14:18:26.310
794,3625,Verzló,,40,2009-04-02 14:20:26.967
795,3626,Kvennaskólinn,,40,2009-04-02 14:21:17.590
796,3627,FSN,,40,2009-04-02 14:22:50.297
797,3628,FVA,,40,2009-04-02 14:24:03.577
798,3629,ML,,40,2009-04-02 14:25:11.373
799,3630,Borgó,,40,2009-04-02 14:29:59.437
800,3831,Huginn Þróttur,,20,2009-04-10 12:38:47.857
801,3864,ÍBR,1,39,2009-07-03 22:37:34.670
802,3865,ÍBA,,39,2009-07-03 22:38:28.890
803,3866,UÍF,,39,2009-07-03 22:39:29.013
804,3867,UMSS,,39,2009-07-03 22:40:44.357
805,3868,ÚÍA,,39,2009-07-03 22:41:23.467
806,3869,HSV,,39,2009-07-03 22:42:57.310
807,3870,UMSE/UFA,,39,2009-07-03 22:44:09.577
808,3871,HSV,,38,2009-07-03 22:46:15.687
809,3872,ÍBA,,38,2009-07-03 22:46:54.950
810,3874,UMSE/UFA,,38,2009-07-03 22:47:50.653
811,3875,Ekkert lið,,39,2009-07-03 22:55:56.763
812,3902,HK -MFl.KVK,,39,2009-09-08 09:44:40.280
813,3905,HK -MFl.KK,,38,2009-09-08 11:23:03.107
814,4153,Ýmir,,39,2009-09-30 17:34:06.670
815,4154,Stjarnan,2,38,2009-09-30 19:52:54.747
816,4155,Þróttur Rc,,39,2009-09-30 19:58:55.420
817,4156,Stjarnan,A,39,2009-09-30 20:00:07.763
818,4157,Bresi,,39,2009-09-30 20:02:23.733
819,4158,Skellur - karlar,,38,2009-10-05 13:59:13.140
820,4159,Sindri,,38,2009-10-20 11:16:03.247
821,4160,Höttur,,38,2009-10-20 11:17:17.153
822,4161,Leiknir,,38,2009-10-20 11:20:26.903
823,4162,Leiknir,,39,2009-10-20 11:21:11.920
824,4163,Valur,,39,2009-10-20 11:23:15.280
825,4164,Höttur,,39,2009-10-20 11:29:33.500
826,4165,KA,c,38,2009-10-20 12:04:12.077
827,4166,UMF Laugar,,38,2009-10-20 12:05:50.467
828,4167,Skautar,,39,2009-10-20 18:20:03.687
829,4168,Stjarnan,C,39,2009-10-21 13:58:08.513
830,4172,HK,C,39,2009-10-21 14:04:31.780
831,4173,Afturelding,B,39,2009-10-21 14:05:49.640
832,4174,Lansinn,,39,2009-10-21 14:06:47.047
833,4175,Dímon,,39,2009-10-21 14:11:20.047
834,4176,Stjarnan,B,39,2009-10-21 14:15:03.043
851,4193,KA-Freyjur,C,39,2009-11-15 16:48:35.250
852,4195,KA-Yngri,,35,2009-11-18 23:15:10.483
853,4228,Leiftur,1,38,2009-11-19 19:06:59.030
854,4251,Þróttur,c,39,2009-11-23 11:17:35.687
855,4252,Þróttur,d,39,2009-11-23 11:18:32.420
856,4253,Huginn,b,39,2009-11-23 11:19:21.467
857,4254,Höttur,b,39,2009-11-23 11:20:14.607
858,4255,Sindri,b,39,2009-11-23 11:21:04.560
859,4256,Leiknir,b,39,2009-11-23 11:21:55.513
860,4257,Valur,b,39,2009-11-23 11:23:24.030
861,4258,Volleychick,,21,2009-12-02 19:51:05.170
862,4259,Súlur,,39,2009-12-03 11:48:48.700
863,4264,Blakmenn Björgvins,,38,2010-01-12 21:24:10.840
864,4286,Volleychic,2,21,2010-01-28 09:48:56.373
865,4287,Snörtur,,38,2010-02-03 15:00:24.920
866,4304,KKA,1,21,2010-02-11 16:55:38.090
867,4315,Súlur,3,21,2010-02-16 09:39:59.140
868,4349,Björn og húnarnir,,38,2010-02-17 10:15:02.530
869,4350,Dívur,,39,2010-02-18 12:44:55.543
870,4352,MS,,40,2010-02-19 17:31:38.060
871,4353,FB,,40,2010-02-19 17:32:26.890
872,4354,Menntaskólinn í Borgarfirði,,40,2010-02-19 17:34:51.373
873,4355,VMA,,40,2010-02-19 17:37:05.233
874,4356,Laugaskóli gestalið,,40,2010-02-19 17:42:31.373
875,4357,Prufuskóli - blár,,31,2010-02-22 18:25:48.623
876,4374,LundarskólaEGAS,,29,2010-02-24 13:40:20.030
877,4375,LundarskólaVEGAS,,29,2010-02-24 13:45:00.013
878,4376,Körtur,,38,2010-02-24 21:07:01.717
879,4377,síðuskóli-stelpur,,30,2010-02-25 13:00:52.420
880,4378,Siðuskóli-bombur,,30,2010-02-25 13:47:59.013
881,4379,BrekkuOZOM,,31,2010-02-25 14:07:12.483
882,4380,brekkubest!,,31,2010-02-25 14:32:55.860
883,4381,Giljadrójar,,29,2010-02-25 14:35:15.140
884,4392,Afríka,,24,2010-02-25 16:58:47.983
885,4393,Giljaskóli-bleikur,,30,2010-02-25 17:19:54.340
886,4394,Giljaskóli Bleikur,,30,2010-02-25 17:24:41.810
887,4395,Giljagaurar,,20,2010-02-25 19:16:58.357
888,4396,lundarskólastrákarnir,,29,2010-02-25 19:29:16.467
889,4397,Oddeyrarskóli,,29,2010-02-25 19:57:38.030
890,4398,Oddeyrarskóli Konnarnir,,29,2010-02-25 20:01:02.560
891,4401,oddeyrar-smash,8,30,2010-02-25 21:07:08.233
892,4402,Glerárskóla-Leðurblökurnar,,31,2010-02-26 09:48:30.623
893,4403,Glerárskóla-Team8,,29,2010-02-26 09:58:19.873
894,4404,oddeyrask-doppurnar,,30,2010-02-26 11:05:16.577
895,4423,Njólarnir,,48,2010-03-01 09:55:39.577
896,4424,Drjólarnir,,38,2010-03-02 21:18:05.000
897,4425,Víkingur,A,39,2010-03-03 21:17:48.920
898,4426,UDN,,21,2010-03-15 22:28:00.123
899,4439,HHF,,21,2010-04-09 18:03:28.497
900,4440,HHF1,,20,2010-04-11 16:34:31.733
901,4441,Þróttur,1,21,2010-04-11 18:26:03.717
902,4442,Þróttur,2,21,2010-04-11 18:30:01.873
903,4443,Sindri,B,20,2010-04-12 13:07:24.920
904,4444,Þróttur,3,21,2010-04-12 14:10:10.543
905,4445,KKA skutlur,,21,2010-04-14 13:41:47.140
906,4446,Eik-ÚR,,21,2010-04-14 17:56:17.467
907,4447,Skeljarnar,,21,2010-04-15 08:22:13.140
908,4448,HK,d,39,2010-04-15 14:24:25.403
909,4449,HK,d,21,2010-04-15 17:43:08.403
910,4450,HK.e,,21,2010-04-15 17:59:23.013
911,4452,Flatmagar,,22,2010-04-15 19:51:08.890
913,4467,Höttur,3,21,2010-04-21 13:16:35.840
914,4594,Ýmir,B,39,2010-08-10 11:33:43.000
915,4595,HK,B,38,2010-08-18 15:53:32.060
916,4596,KMK/Styrmir,,39,2010-09-15 22:13:33.903
917,4597,Bresi,B,39,2010-09-23 16:10:18.420
918,4603,UMFL,,39,2010-09-23 16:52:20.733
919,4604,Umf. Hrunamenn,,39,2010-09-23 16:55:21.077
924,4609,Höttur,c,39,2010-10-07 13:28:55.200
925,4610,Umf. Glói (Súlur),,39,2010-10-07 13:39:17.747
926,4611,Rimar byrjendur,,39,2010-10-13 11:18:37.170
927,4635,HK,e,21,2010-10-19 09:44:10.373
928,4636,HK,d,21,2010-10-19 09:47:25.843
929,4637,Reynvík,,39,2010-10-20 10:29:05.593
930,4638,Holte,,39,2010-11-03 13:41:16.857
931,4639,Koll,,39,2010-11-03 13:47:31.950
932,4640,Katrineholm,,39,2010-11-03 13:48:08.860
933,4641,Höttur mix,,39,2010-11-05 22:01:58.840
934,4650,Völsungur - byrjendur,,39,2010-11-10 12:09:38.827
935,4651,Rimar mix (Ri-mix),,21,2010-11-10 22:52:00.623
936,4652,Styrmir,,38,2010-12-08 21:31:02.873
937,4653,Afturelding - Þróttur,,38,2010-12-09 14:01:15.200
938,4654,Völsungur,c,39,2011-01-04 16:54:00.890
939,4655,Völsungur,A,21,2011-01-06 12:18:45.763
940,4656,Völsungur,B,21,2011-01-06 12:23:59.747
941,4657,Mývetningur,,39,2011-01-06 12:25:14.543
942,4658,Einherji,,21,2011-01-07 08:42:57.280
943,4663,HK,E,39,2011-01-10 14:19:04.793
944,4664,Þróttur Rvk - 4.deild,,20,2011-01-12 09:46:58.030
945,4665,Made in Riben,,20,2011-01-17 17:37:25.110
946,4672,HK rauður,,39,2011-01-19 22:56:26.700
947,4673,HK grænn,,39,2011-01-19 22:57:26.437
948,4674,HK blár,,39,2011-01-19 22:58:21.500
949,4699,Skutlur,A,39,2011-01-26 13:19:05.653
950,4700,Skutlur,B,39,2011-01-26 13:19:53.310
951,4701,HK -Gyðjur,,39,2011-01-29 13:37:50.640
952,4702,Stympurnar,,39,2011-01-30 19:21:28.733
953,4703,Afturelding,6,21,2011-01-31 22:42:15.890
954,4704,Álftanes,,38,2011-02-01 09:01:27.153
955,4705,Álftanes,2,38,2011-02-01 18:46:29.403
956,4706,Hamar,B,39,2011-02-01 21:15:18.747
957,4707,Made in Ríben,,39,2011-02-02 09:32:31.513
958,4786,Fylkir,A,39,2011-02-11 12:01:53.547
959,4787,Dívur,B,39,2011-02-21 11:53:30.560
960,4804,Demo,1,20,2011-02-23 22:34:40.497
961,4805,Demo,2,20,2011-02-23 22:36:05.467
962,4806,Demo,3,20,2011-02-23 22:36:34.340
963,4838,Austri,A,21,2011-02-27 10:18:34.060
964,4839,Austri,B,21,2011-02-27 10:25:45.293
965,4856,HK Leðurblökur,,39,2011-03-08 13:27:09.733
966,4857,Ungmennafélagið Hvöt,,21,2011-03-08 19:18:40.250
967,4894,Fylkir / Verkís,,20,2011-03-23 21:23:12.077
968,4895,ÍFB,,20,2011-03-23 21:28:57.687
969,4898,prufa1,,21,2011-03-23 23:09:17.640
970,4899,HK - Rauður,,21,2011-03-23 23:21:29.577
971,4900,HK - Svartur,,21,2011-03-23 23:23:31.950
972,4901,HK-Wunderblak,A,21,2011-03-28 10:38:09.967
973,4902,HK-Wunderblak,B,21,2011-03-28 10:46:17.530
974,4903,Æskan,,39,2011-03-28 19:59:18.093
975,4904,Afturelding - Þrumurnar,,21,2011-03-29 08:16:09.420
976,4905,Skautar-Óðinn,,38,2011-03-30 16:43:21.687
977,4954,HK,a,21,2011-03-31 08:34:25.327
978,4955,HK,b,21,2011-03-31 08:40:47.560
979,4972,ÍBV,,21,2011-04-01 11:25:41.967
980,4973,ÍBV,,24,2011-04-01 12:23:01.857
981,4974,BK Tvillinger,,38,2011-04-01 22:55:48.687
982,4975,Völsungur,D,21,2011-04-03 09:51:13.687
983,4976,Völsungur,E,21,2011-04-03 10:02:21.670
984,4977,Þróttur RVK 4.deild,,21,2011-04-04 13:43:41.733
985,4978,ÍBV,,22,2011-04-05 22:40:01.013
1002,5047,UMFL,,38,2011-08-22 12:39:47.827
1003,5048,Þróttur,e,39,2011-09-08 13:36:25.200
1004,5051,Afturelding,2,39,2011-09-13 08:47:03.187
1005,5052,U17 landslið,,38,2011-09-13 11:14:44.030
1006,5053,U17 landslið,,39,2011-09-13 11:15:55.717
1007,5054,Stavanger,,33,2011-09-13 19:00:43.937
1008,5055,Norge,,39,2011-09-15 22:37:16.750
1009,5064,Afturelding 3.fl. blandaður,,39,2011-09-22 09:01:17.653
1010,5065,Afturelding,D,39,2011-09-23 15:54:09.733
1011,5066,HK,F,39,2011-09-23 16:03:42.903
1012,5067,HK G,,39,2011-09-23 16:04:33.187
1013,5068,Stjarnan,D,39,2011-09-23 16:05:20.373
1030,5133,Höttur,D,39,2011-09-27 10:40:32.733
1031,5134,Hvammstangi,,39,2011-10-09 14:27:23.860
1032,5135,Birnur,,39,2011-10-13 15:36:47.440
1033,5191,DUMMY,,38,2011-10-20 11:26:13.000
1034,5288,IF Fuglafjordur,,38,2011-10-26 16:46:41.677
1035,5289,Middelfart,,38,2011-10-26 16:47:20.257
1084,5482,Stór-Stjörnur,1,22,2011-11-08 12:43:16.140
1085,5483,Birnur,1,39,2011-11-09 23:54:46.997
1086,5484,Birnur,2,39,2011-11-10 08:21:30.747
1087,5496,Krákurnar,,39,2011-11-22 23:17:28.540
1088,5497,Bjarkir,,21,2011-11-23 17:59:36.117
1089,5498,Rimar,A,39,2011-11-23 18:44:33.447
1090,5535,Mývetningur,,38,2011-12-24 23:30:57.610
1091,5536,Fjarðirnar,,39,2012-01-02 21:03:18.853
1092,5537,Laserkonur,,39,2012-01-03 12:26:10.447
1093,5584,Krákurnar,B,21,2012-01-04 11:04:02.163
1094,5601,HK gay's,,38,2012-01-11 12:35:58.937
1095,5604,Dalalæður,,39,2012-01-23 23:05:39.143
1096,5725,Afturelding 3fl stúlkna,,39,2012-01-31 23:39:03.123
1100,5732,Hyrnan,3,38,2012-02-08 21:08:04.377
1101,5733,Súlur,4,21,2012-02-20 23:51:17.833
1102,5734,Súlur,5,21,2012-02-20 23:53:02.257
1103,5781,Demo,,39,2012-02-22 13:56:34.470
1104,5814,Víkingur/Reynir,1,39,2012-02-29 21:50:33.100
1105,5815,Víkingur/Reynir,2,39,2012-02-29 21:55:25.397
1106,5816,Hrunamenn Konur,,39,2012-03-01 21:08:00.630
1107,5817,Laugdælur,2,39,2012-03-14 13:32:59.530
1108,5818,Fjaðrirnar,,21,2012-03-21 22:10:13.690
1109,5819,Fálkar,,20,2012-03-23 14:33:34.360
1110,5820,Zeturnar,,24,2012-03-23 14:38:01.017
1111,5833,ÍBV,2,21,2012-03-23 22:00:05.407
1112,5842,Snörtur FC Partý-team,,20,2012-03-26 10:17:08.237
1113,5843,Óðinn/Skautar,,22,2012-03-26 21:29:07.330
1114,5844,Fylkir/Austri,A,21,2012-03-27 18:17:07.637
1115,5845,Fylkir/Austri,B,21,2012-03-27 18:18:52.420
1116,5847,Krækjur,C,21,2012-03-28 09:57:02.573
1117,5848,Ungmennafélagið,2,21,2012-03-28 12:05:36.497
1118,5849,Þór-arinn,,20,2012-03-28 14:38:37.560
1119,5850,Grótta,2,21,2012-03-28 22:31:59.480
1120,5851,Fylkir/Álftanes,,20,2012-03-29 14:24:52.933
1121,5944,11B,,21,2012-04-11 12:09:55.907
1122,5945,11-b,,21,2012-04-11 12:18:10.920
1123,5980,Hrunamenn-Konur3,,21,2012-04-17 23:01:35.473
1124,5981,Hrunamenn-konur,4,39,2012-04-17 23:19:18.350
1125,5982,fff,2,21,2012-04-19 21:24:54.787
1126,5983,UÍA,,39,2012-05-14 21:46:33.080
1127,5984,Þróttur/Fylkir,,25,2012-05-30 08:10:43.477
1128,5989,Ungmennafélagið,,38,2012-06-06 23:28:45.990
1129,5996,Þróttur,b,38,2012-07-06 14:58:46.650
1130,5997,UMFL,B,39,2012-07-06 16:08:42.417
1131,5998,ÍK,B,39,2012-07-06 16:11:31.090
1132,5999,Umf.,B,39,2012-07-06 16:12:52.980
1133,6000,HK H,,39,2012-07-06 16:13:36.680
1134,6001,Afturelding,E,39,2012-07-06 16:14:42.260
1135,6002,Afturelding,F,39,2012-07-06 16:15:17.430
1136,6003,Afturelding G,,39,2012-07-06 16:15:48.137
1137,6004,UMFG,C,39,2012-07-06 16:17:07.197
1138,6005,Skellur,,38,2012-07-06 16:26:05.667
1139,6006,Stjarnan,3,38,2012-07-06 16:27:34.090
1140,6007,Leiknir,C,39,2012-07-09 10:05:22.493
1141,6008,GESTUR,,38,2012-08-23 12:51:57.397
1142,6009,Dímon-Hekla,,39,2012-09-20 15:04:02.523
1143,6010,HK - Gyðjurnar,,21,2012-10-08 16:34:27.197
1144,6011,Afturelding,C,39,2012-10-10 21:23:26.810
1145,6012,Þróttur Nc,,38,2012-10-17 15:44:01.250
1146,6052,HK Blökur,,39,2012-11-14 19:00:50.263
1147,6053,HK-Gyðjurnar,,21,2012-11-14 21:59:13.187
1148,6054,Hamar,B,21,2012-11-15 12:08:39.140
1149,6055,Skautar,C,39,2012-11-20 18:23:40.433
1150,6121,Fylkir 3. flokkur,,30,2013-01-04 20:42:24.800
1151,6122,Völsungur B-karlar,,38,2013-01-08 23:13:59.183
1152,6123,Laugar,,38,2013-01-09 14:34:24.150
1153,6124,Dalalæður,2,39,2013-01-09 15:00:14.400
1154,6125,Bjarkir,B,21,2013-01-09 16:54:44.463
1155,6126,Fjaðrirnar,A,21,2013-01-09 17:46:39.480
1156,6127,HK 2.fl. KVK,,39,2013-01-09 20:34:35.187
1157,6128,Völsungur,F,21,2013-01-09 21:09:40.623
1158,6211,Massabland,,20,2013-01-19 17:11:09.193
1159,6228,ÍBV,,39,2013-01-25 09:56:31.047
1160,6229,ÍBV,2,39,2013-01-25 10:12:12.577
1161,6230,Hrunamenn,,21,2013-01-27 21:34:16.353
1162,6231,Fylkir,E,39,2013-01-30 11:00:42.110
1163,6232,ÍBV,,38,2013-01-30 20:30:39.380
1164,6241,Þróttur/Verkís,,38,2013-02-12 21:50:30.857
1165,6242,Bjarkir,B,39,2013-02-13 11:49:04.877
1166,6277,Valkyrjur,,21,2013-03-04 17:49:04.123
1167,6280,Nunnur Ármanns,,21,2013-03-07 23:06:51.310
1168,6285,Hrunamenn,1,21,2013-03-20 22:28:26.690
1169,6286,Hrunamenn,2,21,2013-03-20 22:32:15.077
1170,6287,Fylkir V,,20,2013-03-21 12:29:28.333
1171,6288,Fylkir W,,20,2013-03-21 12:35:01.793
1172,6289,HK Gyðjurnar/Þróttur,b,21,2013-03-21 17:13:02.853
1173,6290,Fjaðrirnar,2,21,2013-03-21 22:16:49.110
1174,6291,HK Gullöld,,20,2013-03-25 12:47:15.893
1175,6292,Eikúr,,21,2013-03-26 08:42:27.473
1176,6293,Keflavík - Keli,,21,2013-03-27 11:49:21.483
1177,6294,Krákurnar-Kjúllar,,39,2013-04-02 12:26:15.373
1178,6389,HK gestir,,38,2013-04-07 21:23:10.057
1179,6452,Umsjón,,40,2013-04-20 14:01:31.920
1180,6453,UMFG.,,39,2013-08-07 15:08:25.137
1181,6454,Afturelding,B,38,2013-08-14 10:19:44.837
1182,6455,The Supremes,,21,2013-09-17 23:40:31.153
1183,6456,UMF Hvöt,,39,2013-09-23 14:58:40.820
1184,6457,Þróttur,D,38,2013-09-23 15:20:30.500
1185,6458,Afturelding,C,38,2013-09-23 15:23:10.563
1186,6459,Tat,,39,2013-10-07 12:35:46.957
1187,6460,Tófurnar,,39,2013-10-07 12:57:29.307
1188,6461,Krákurnar,C,21,2013-10-11 10:06:36.330
1189,6464,HK C Karlar,,20,2013-10-13 15:50:18.850
1190,6465,Álftanes,D,39,2013-10-15 13:31:58.613
1191,6466,Rimar Á,,38,2013-10-15 21:51:03.440
1192,6467,Súlur,B,39,2013-10-16 08:19:57.710
1193,6468,Þróttur,F,39,2013-10-16 11:29:45.587
1194,6534,HK C2,,39,2013-10-17 14:38:03.103
1195,6552,Birnur II,,39,2013-11-04 13:01:49.353
1196,6553,Húnar,,38,2013-11-04 13:03:30.143
1197,6554,MassaDjammm,,20,2013-11-05 16:13:21.587
1198,6555,DUMMY,,39,2013-11-12 13:30:47.130
1199,6580,HK C,a,38,2013-11-18 16:25:37.930
1200,6645,Fjörkálfarnir,,39,2014-01-06 10:58:54.303
1201,6730,Fylkir-stuð,,39,2014-01-21 12:52:22.227
1202,6731,Glói - byrjendur,,39,2014-01-26 21:53:57.010
1203,6732,Súlu,C,39,2014-01-26 22:46:18.913
1204,6823,Úrvalslið,,20,2014-01-28 18:50:08.357
1205,6832,Súlur,C,39,2014-02-03 20:02:27.493
1206,6833,Súlur,D,39,2014-02-03 20:02:52.607
1207,6834,Keflavík,,39,2014-02-10 18:06:26.080
1208,6835,Bresi,C,39,2014-02-11 10:11:50.377
1209,6836,U.M.F.Bjarmi,,38,2014-02-11 20:42:37.580
1210,6837,Skriðurnar - Eldri,,39,2014-02-12 22:03:19.577
1211,6838,Skriðurnar - Yngri,,39,2014-02-12 22:04:35.227
1212,6839,HKarlarnir,,38,2014-02-16 22:33:23.780
1213,6840,HKarlarnir,b,38,2014-02-17 21:24:58.060
1214,6844,HKarlarnir b,2,38,2014-02-17 21:28:00.143
1215,6845,HK Byrjendur,,21,2014-02-18 23:01:29.733
1216,6870,Gló - byrjendur,,40,2014-02-19 22:17:06.660
1217,6874,Glói - byrjendur,,21,2014-02-19 22:24:51.460
1218,6883,HK Dýfurnar,,21,2014-03-11 09:46:04.840
1219,6884,Dímon-Hekla,2,21,2014-03-15 18:53:12.723
1220,6885,HK Dýfur,,21,2014-03-16 22:36:02.037
1221,6886,Blaklið Íslands,,20,2014-03-17 13:53:55.613
1222,6887,Öllarar,,20,2014-03-18 13:29:48.510
1223,6892,Mývetningur,A,39,2014-03-18 19:21:46.897
1224,6893,Keflavík,B,39,2014-03-18 21:03:04.140
1225,6894,Hamar,B,20,2014-03-20 18:17:52.930
1226,6897,KA-L,,20,2014-03-26 13:55:26.760
1227,6898,Skriður - Eldri,,39,2014-03-26 22:31:32.887
1228,6899,Skriður - Yngri,,39,2014-03-26 22:32:08.990
1229,6900,TUA-Stjarnan,,20,2014-03-26 22:43:01.610
1230,6901,HK-Wunderblak,C,21,2014-03-28 13:30:05.460
1231,6902,Skriður (UMF Glói),,21,2014-03-28 18:01:06.417
1232,6903,Bíbí og blaka,,21,2014-03-31 17:45:01.547
1233,6904,Skutlur,C,21,2014-03-31 22:19:42.027
1234,6963,HK Dýfur,,39,2014-04-01 22:35:58.473
1235,7072,UMF Ármann,,39,2014-04-06 22:25:07.033
1236,7073,KA Ö-lið,,20,2014-04-08 12:40:37.003
1237,7088,KA L-lið,,20,2014-04-08 12:50:53.713
1238,7169,HK,C,38,2014-08-13 10:56:04.637
1239,7170,Þróttur,D,39,2014-08-13 13:11:00.667
1240,7171,UMF Glói (Skriður),,39,2014-08-13 13:17:06.170
1241,7172,Kormákur (Birnur),,39,2014-08-13 13:17:52.210
