,MotID,LidID,Oskadeild,Styrkur,Gestalid,Timastimpill,LidaTegundID
0,1,18,1.0,,0,2000-03-30 11:18:55.853,20
1,1,19,1.0,,0,2000-03-30 12:24:31.213,20
2,1,20,1.0,,0,2000-03-30 15:53:33.017,21
3,1,22,1.0,,0,2000-03-30 22:01:33.397,20
4,1,23,3.0,,0,2000-03-30 22:01:50.970,21
5,1,26,4.0,,0,2000-03-30 22:09:38.573,21
6,1,27,1.0,,0,2000-03-30 23:47:16.597,20
7,1,28,5.0,,0,2000-03-31 16:10:54.963,21
8,1,29,4.0,,0,2000-04-01 11:18:51.580,21
9,1,34,1.0,,0,2000-04-02 15:49:57.717,21
10,1,35,10.0,,0,2000-04-02 17:32:39.907,22
11,1,36,4.0,,0,2000-04-02 18:28:38.687,21
12,1,37,5.0,,0,2000-04-02 20:41:37.507,21
13,1,38,2.0,,0,2000-04-02 20:45:46.567,20
14,1,39,2.0,,0,2000-04-03 10:12:23.580,21
15,1,42,1.0,,0,2000-04-03 16:37:04.820,21
16,1,43,2.0,,0,2000-04-03 16:47:17.280,21
17,1,44,3.0,,0,2000-04-03 16:54:41.660,21
18,1,52,1.0,,0,2000-04-03 19:31:12.143,21
19,1,53,1.0,,0,2000-04-03 19:45:00.937,20
20,1,54,3.0,,0,2000-04-03 19:58:41.183,21
21,1,55,3.0,,0,2000-04-03 20:06:50.290,21
22,1,60,1.0,,0,2000-04-03 22:02:55.483,20
23,1,61,10.0,,0,2000-04-03 22:13:16.277,22
24,1,70,2.0,,0,2000-04-03 22:53:02.457,21
25,1,71,1.0,,0,2000-04-04 00:23:52.283,20
26,1,72,1.0,,0,2000-04-04 00:28:54.760,20
27,1,73,2.0,,0,2000-04-04 00:33:30.577,20
28,1,75,1.0,,0,2000-04-04 08:19:20.163,20
29,1,76,9.0,,0,2000-04-04 08:26:43.083,22
30,1,79,2.0,,0,2000-04-04 08:54:33.893,21
31,1,80,1.0,,0,2000-04-04 09:31:56.940,20
32,1,84,11.0,,0,2000-04-04 10:46:13.197,21
33,1,85,1.0,,0,2000-04-04 11:01:31.850,21
34,1,88,3.0,,0,2000-04-04 11:44:56.493,21
35,1,89,1.0,,0,2000-04-04 13:12:29.437,21
36,1,90,9.0,,0,2000-04-04 13:44:29.920,21
37,1,91,2.0,,0,2000-04-04 14:04:21.010,21
38,1,92,1.0,,0,2000-04-04 14:04:54.150,21
39,1,93,3.0,,0,2000-04-04 14:08:04.753,21
40,1,94,9.0,,0,2000-04-04 14:09:29.153,23
41,1,95,1.0,,0,2000-04-04 14:37:15.080,21
42,1,98,1.0,,0,2000-04-04 15:06:23.113,21
43,1,102,9.0,,0,2000-04-04 15:27:19.300,23
44,1,108,1.0,,0,2000-04-04 16:16:59.763,20
45,1,109,3.0,,0,2000-04-04 16:31:07.173,21
46,1,110,1.0,,0,2000-04-04 16:38:14.367,21
47,1,111,9.0,,0,2000-04-04 16:44:54.883,23
48,1,112,3.0,,0,2000-04-04 17:06:37.117,23
49,1,114,8.0,,0,2000-04-04 18:12:37.290,21
50,1,115,5.0,,0,2000-04-04 18:21:34.913,21
51,1,116,11.0,,1,2000-04-04 18:28:51.720,20
52,1,118,3.0,,0,2000-04-04 18:38:42.240,20
53,1,119,6.0,,1,2000-04-04 19:01:49.717,21
54,1,120,2.0,,0,2000-04-04 19:06:30.750,21
55,1,121,9.0,,0,2000-04-04 19:13:27.120,23
56,1,123,8.0,,0,2000-04-04 19:35:52.363,21
57,1,124,1.0,,0,2000-04-04 20:49:54.230,21
58,1,125,1.0,,0,2000-04-04 20:50:48.950,21
59,1,126,3.0,,0,2000-04-04 20:58:46.447,21
60,1,127,1.0,,0,2000-04-04 22:27:12.063,20
61,1,129,10.0,,0,2000-04-04 22:29:50.453,22
62,1,131,3.0,,0,2000-04-04 23:01:41.250,21
63,1,132,10.0,,0,2000-04-05 08:36:18.053,22
64,1,135,1.0,,0,2000-04-05 08:46:12.530,21
65,1,137,2.0,,0,2000-04-05 09:13:52.107,21
66,1,138,2.0,,0,2000-04-05 09:14:18.223,20
67,1,139,9.0,,0,2000-04-05 09:15:51.277,23
68,1,140,2.0,,0,2000-04-05 09:26:26.430,21
69,1,141,,,0,2000-04-24 22:30:17.483,20
70,1,142,,,0,2000-04-24 22:30:44.380,20
71,1,143,,,0,2000-04-24 22:30:54.077,20
72,1,144,,,0,2000-04-24 22:31:07.013,20
73,1,145,,,0,2000-04-24 22:31:15.357,20
74,1,146,,,1,2000-04-24 22:31:25.230,20
75,1,147,,,0,2000-04-24 22:31:34.203,22
76,1,148,,,0,2000-04-24 22:31:44.127,20
77,1,149,,,1,2000-04-24 22:32:04.577,22
78,1,151,,,0,2000-04-24 22:44:20.603,21
79,1,152,,,0,2000-04-24 22:51:37.260,23
80,1,153,,,0,2000-04-24 22:51:54.403,21
81,1,154,,,0,2000-04-24 22:52:07.100,21
82,1,155,,,0,2000-04-24 22:52:16.837,21
83,1,156,,,0,2000-04-24 22:52:31.157,21
84,2,18,1.0,,0,2001-04-06 10:28:18.987,20
85,2,19,1.0,,0,2001-04-06 19:43:09.483,20
86,2,20,1.0,,0,2001-04-11 13:58:26.590,21
87,2,23,3.0,,0,2001-04-14 14:23:48.340,21
88,2,26,8.0,,0,2001-04-11 11:25:59.463,21
89,2,27,1.0,,0,2001-04-06 11:14:24.750,20
90,2,28,1.0,,0,2001-04-11 10:59:07.313,21
91,2,29,3.0,,0,2001-04-15 18:10:51.117,21
92,2,34,5.0,,0,2001-04-03 21:58:40.787,21
93,2,35,10.0,,0,2001-04-13 14:48:01.103,22
94,2,36,5.0,,0,2001-04-03 11:19:13.270,21
95,2,37,5.0,,0,2001-04-07 14:41:58.810,21
96,2,38,2.0,,0,2001-04-07 14:51:58.407,20
97,2,39,1.0,,0,2001-04-05 09:54:33.640,21
98,2,42,1.0,,0,2001-04-13 22:54:17.653,21
99,2,43,1.0,,0,2001-04-13 22:54:51.740,21
100,2,44,3.0,,0,2001-04-13 22:55:09.733,21
101,2,52,1.0,,0,2001-04-13 14:39:57.587,21
102,2,53,2.0,,0,2001-04-09 21:13:39.450,20
103,2,54,3.0,,0,2001-04-13 14:58:45.120,21
104,2,55,3.0,,0,2001-04-06 15:43:45.640,21
105,2,61,1.0,,0,2001-04-14 22:16:48.970,22
106,2,70,2.0,,0,2001-04-07 13:22:17.237,21
107,2,71,1.0,,0,2001-04-07 12:50:50.750,20
108,2,72,1.0,,0,2001-04-07 12:51:47.440,20
109,2,73,2.0,,0,2001-04-07 12:52:06.663,20
110,2,75,1.0,,0,2001-04-13 22:51:55.267,20
111,2,79,2.0,,0,2001-04-03 23:07:45.027,21
112,2,84,4.0,,1,2001-04-09 14:06:55.870,21
113,2,85,1.0,,0,2001-04-16 08:28:07.220,21
114,2,88,3.0,,0,2001-04-07 13:25:12.630,21
115,2,89,1.0,,0,2001-04-10 09:01:36.643,21
116,2,90,3.0,,0,2001-04-10 09:22:42.950,21
117,2,91,1.0,,0,2001-04-06 12:36:54.697,21
118,2,92,1.0,,0,2001-04-07 16:26:25.573,21
119,2,93,4.0,,0,2001-04-06 08:30:50.427,21
120,2,94,9.0,,0,2001-04-06 12:31:04.787,23
121,2,95,1.0,,0,2001-04-14 16:13:56.043,21
122,2,98,1.0,,0,2001-04-11 15:36:37.077,21
123,2,102,9.0,,0,2001-04-11 22:30:30.100,23
124,2,108,1.0,,0,2001-04-04 00:50:30.557,20
125,2,110,1.0,,0,2001-04-13 17:14:42.013,21
126,2,111,1.0,,0,2001-04-13 17:16:41.107,23
127,2,112,9.0,,0,2001-04-10 09:17:02.670,23
128,2,115,1.0,,0,2001-04-04 10:54:38.127,21
129,2,118,2.0,,0,2001-04-14 15:18:27.297,20
130,2,119,1.0,,0,2001-04-08 11:41:40.857,21
131,2,120,2.0,,0,2001-04-07 16:30:24.030,21
132,2,121,9.0,,0,2001-04-07 16:33:43.490,23
133,2,125,1.0,,0,2001-04-13 18:01:32.437,21
134,2,126,5.0,,0,2001-04-13 18:11:25.523,21
135,2,127,1.0,,0,2001-04-19 11:22:08.213,20
136,2,129,10.0,,0,2001-04-19 11:33:26.160,22
137,2,131,4.0,,0,2001-04-11 08:24:31.020,21
138,2,135,1.0,,0,2001-04-09 21:21:31.920,21
139,2,138,1.0,,0,2001-04-14 11:40:11.760,20
140,2,139,9.0,,0,2001-04-09 22:01:55.170,23
141,2,140,1.0,,0,2001-04-06 14:40:25.553,21
142,2,141,1.0,,0,2001-04-05 15:07:03.537,20
143,2,142,1.0,,0,2001-04-11 14:38:23.253,20
144,2,143,1.0,,0,2001-04-11 14:42:44.603,20
145,2,144,1.0,,0,2001-04-01 23:04:57.230,20
146,2,145,1.0,,0,2001-04-14 16:34:12.707,20
147,2,147,10.0,,0,2001-04-14 16:38:32.773,22
148,2,148,1.0,,0,2001-04-10 09:35:19.180,20
149,2,151,1.0,,0,2001-04-11 18:09:18.233,21
150,2,152,9.0,,0,2001-04-19 12:00:19.827,23
151,2,153,1.0,,0,2001-04-03 18:18:42.580,21
152,2,154,1.0,,0,2001-04-06 13:03:07.557,21
153,2,155,4.0,,0,2001-04-07 22:36:14.833,21
154,2,156,1.0,,0,2001-04-02 22:07:15.773,21
155,2,166,1.0,,0,2001-04-03 12:26:20.740,20
156,2,168,5.0,,0,2001-04-06 08:33:10.250,21
157,2,170,8.0,,0,2001-04-06 21:46:43.250,20
158,2,171,1.0,,1,2001-04-06 22:02:24.240,21
159,2,350,2.0,,0,2001-04-11 14:04:37.140,21
160,2,351,4.0,,0,2001-04-11 16:49:38.417,21
161,2,352,2.0,,0,2001-04-17 17:39:13.690,20
162,2,354,5.0,,0,2001-04-13 18:18:33.443,21
163,2,356,2.0,,0,2001-04-14 16:29:43.077,20
164,2,357,11.0,,1,2001-04-14 16:56:22.180,21
165,2,359,3.0,,0,2001-04-14 17:33:47.220,23
166,2,360,2.0,,0,2001-04-14 20:21:03.547,20
167,2,361,8.0,,0,2001-04-14 20:36:59.547,21
168,2,362,8.0,,1,2001-04-17 10:31:48.997,21
169,2,363,5.0,,0,2001-04-17 23:38:08.800,21
170,2,406,1.0,,1,2001-04-20 20:26:03.827,20
171,3,20,,,0,2001-04-09 10:43:56.807,21
172,3,27,,,0,2001-04-04 00:32:01.667,20
173,3,71,,,0,2001-04-04 00:33:08.730,20
174,3,72,,,0,2001-04-04 00:34:25.047,20
175,3,88,,,0,2001-04-07 13:08:52.470,21
176,3,108,,,0,2001-04-09 10:45:45.097,20
177,3,109,,,0,2001-04-09 10:45:57.763,21
178,3,119,,,0,2001-04-09 10:45:12.510,21
179,3,120,,,0,2001-04-09 10:47:13.017,21
180,3,125,,,0,2001-03-30 12:25:10.797,21
181,3,135,,,0,2001-04-09 10:47:37.540,21
182,3,156,,,0,2001-04-04 09:31:29.883,21
183,6,19,,,0,2001-11-13 09:55:26.747,20
184,6,34,,,0,2001-11-13 15:55:35.750,21
185,6,42,,,0,2001-11-13 00:21:10.200,21
186,6,53,,,0,2001-11-14 23:50:30.560,20
187,6,60,,,0,2001-11-13 13:13:50.123,20
188,6,72,,,0,2001-11-09 17:15:44.327,20
189,6,79,,,0,2001-11-15 09:55:42.437,21
190,6,91,,,0,2001-11-11 20:26:40.937,21
191,6,98,,,0,2001-11-12 13:14:59.327,21
192,6,125,,,0,2001-11-07 10:59:33.480,21
193,6,144,,,0,2001-11-02 13:22:43.327,20
194,6,151,,,0,2001-11-12 20:52:05.437,21
195,6,153,,,0,2001-11-12 20:53:48.280,21
196,6,154,,,0,2001-11-13 12:25:41.217,21
197,6,166,,,0,2001-11-15 23:22:24.373,20
198,6,456,,,0,2001-11-12 13:12:14.827,20
199,6,461,,,0,2001-11-15 23:21:41.687,21
200,6,462,,,0,2001-11-15 23:25:56.497,21
201,6,463,,,0,2001-11-15 23:28:05.670,21
202,6,464,,,0,2001-11-15 23:29:48.357,20
203,7,27,1.0,1.0,0,2001-11-22 20:19:14.530,20
204,7,71,1.0,3.0,0,2001-11-22 23:57:32.200,20
205,7,72,1.0,5.0,0,2001-11-22 23:58:42.140,20
206,7,88,2.0,1.0,0,2001-11-22 23:10:58.297,21
207,7,95,1.0,1.0,0,2001-11-16 17:53:30.060,21
208,7,110,1.0,2.0,0,2001-11-16 11:18:49.577,21
209,7,120,2.0,5.0,0,2001-11-23 00:35:40.480,21
210,7,138,1.0,1.0,0,2001-11-22 09:53:37.467,20
211,7,140,1.0,5.0,0,2001-11-22 09:57:40.950,21
212,7,148,1.0,3.0,0,2001-11-22 15:47:26.967,20
213,7,156,1.0,6.0,0,2001-11-10 11:38:58.030,21
214,7,351,2.0,4.0,0,2001-11-21 10:23:25.280,21
215,7,481,2.0,7.0,0,2001-11-20 09:34:19.530,21
216,7,482,2.0,2.0,0,2001-11-20 09:37:13.577,21
217,7,484,1.0,2.0,0,2001-11-21 08:34:47.937,20
218,7,486,2.0,6.0,0,2001-11-21 08:38:23.187,21
219,7,495,1.0,4.0,0,2001-11-22 23:00:54.183,21
220,7,496,2.0,3.0,0,2001-11-22 23:05:12.750,21
221,7,497,1.0,3.0,0,2001-11-22 23:12:03.467,21
222,8,18,1.0,5.0,0,2001-12-28 16:15:54.140,20
223,8,27,1.0,2.0,0,2002-01-01 12:38:15.640,20
224,8,52,1.0,4.0,0,2001-12-18 10:10:25.780,21
225,8,54,2.0,6.0,0,2001-12-18 10:18:24.373,21
226,8,70,2.0,2.0,0,2001-12-28 15:38:45.280,21
227,8,72,1.0,3.0,0,2002-01-01 12:42:36.967,20
228,8,73,2.0,2.0,0,2002-01-01 12:41:11.093,20
229,8,84,3.0,6.0,0,2001-12-20 10:31:23.373,21
230,8,89,1.0,8.0,0,2001-12-17 09:06:01.030,21
231,8,90,2.0,3.0,0,2001-12-18 08:58:11.950,21
232,8,92,2.0,1.0,0,2001-12-27 11:44:43.403,21
233,8,95,1.0,2.0,0,2001-12-27 11:15:04.700,21
234,8,112,3.0,4.0,0,2001-12-18 08:50:35.797,21
235,8,120,3.0,1.0,0,2001-12-27 11:46:31.437,21
236,8,125,1.0,3.0,0,2001-12-14 08:30:51.140,21
237,8,131,2.0,5.0,0,2001-12-19 08:07:32.420,21
238,8,139,1.0,7.0,0,2001-12-28 14:38:25.623,21
239,8,140,1.0,9.0,0,2001-12-27 11:43:21.670,21
240,8,142,1.0,1.0,0,2001-12-05 20:40:57.950,20
241,8,351,2.0,4.0,0,2002-01-01 15:51:27.200,21
242,8,354,2.0,8.0,0,2001-12-14 08:31:55.543,21
243,8,363,3.0,3.0,0,2001-12-27 10:03:17.310,21
244,8,497,1.0,1.0,0,2002-01-02 20:25:46.763,21
245,8,498,1.0,1.0,0,2001-12-05 20:46:30.670,21
246,8,499,2.0,2.0,0,2001-12-05 20:51:08.983,21
247,8,501,2.0,5.0,0,2001-12-14 15:05:51.373,20
248,8,502,1.0,5.0,0,2001-12-17 09:07:07.093,21
249,8,504,1.0,8.0,0,2001-12-27 11:40:16.373,20
250,8,505,1.0,4.0,0,2001-12-27 11:48:04.717,20
251,8,508,3.0,7.0,0,2001-12-27 11:57:44.717,21
252,8,509,2.0,4.0,0,2001-12-28 10:24:56.717,20
253,8,510,1.0,7.0,0,2001-12-28 15:42:38.857,20
254,8,511,2.0,7.0,0,2001-12-28 15:40:29.577,21
255,8,512,2.0,3.0,0,2001-12-28 16:36:55.217,20
256,8,514,1.0,6.0,0,2002-01-01 15:36:05.433,20
257,8,516,2.0,4.0,0,2002-01-01 15:48:31.183,21
258,8,517,3.0,5.0,0,2002-01-01 15:44:35.920,21
259,8,546,1.0,6.0,0,2002-01-02 20:27:57.170,21
260,11,20,1.0,5.0,0,2002-03-01 09:12:30.437,21
261,11,27,1.0,1.0,0,2002-03-03 17:49:41.967,20
262,11,39,1.0,4.0,0,2002-03-01 12:59:37.483,21
263,11,52,1.0,2.0,0,2002-02-27 16:28:22.547,21
264,11,54,2.0,4.0,0,2002-03-02 12:53:32.653,21
265,11,55,3.0,4.0,0,2002-02-25 10:58:31.873,21
266,11,70,2.0,2.0,0,2002-03-04 10:14:26.950,21
267,11,71,1.0,4.0,0,2002-03-03 17:47:26.810,20
268,11,79,1.0,4.0,0,2002-03-01 14:53:23.433,21
269,11,84,3.0,5.0,0,2002-02-28 15:43:27.967,21
270,11,92,2.0,3.0,0,2002-03-01 09:28:46.123,21
271,11,95,1.0,1.0,0,2002-03-02 14:24:12.233,21
272,11,108,2.0,1.0,0,2002-03-01 00:00:01.733,20
273,11,109,3.0,2.0,0,2002-03-01 00:07:44.950,21
274,11,110,2.0,1.0,0,2002-03-05 22:10:08.653,21
275,11,114,3.0,5.0,0,2002-03-01 20:13:21.547,21
276,11,125,1.0,3.0,0,2002-03-01 20:44:46.467,21
277,11,131,2.0,2.0,0,2002-03-03 15:30:43.843,21
278,11,135,1.0,2.0,0,2002-03-01 10:43:42.640,21
279,11,140,1.0,5.0,0,2002-03-01 09:20:56.483,21
280,11,142,,,0,2002-03-06 21:14:09.153,20
281,11,148,2.0,3.0,0,2002-02-24 20:20:52.153,20
282,11,154,1.0,1.0,0,2002-03-03 10:24:11.060,21
283,11,156,2.0,1.0,0,2002-03-03 12:44:07.047,21
284,11,351,2.0,5.0,0,2002-03-01 13:26:01.297,21
285,11,354,3.0,3.0,0,2002-03-01 20:56:51.153,21
286,11,363,2.0,5.0,0,2002-03-03 10:17:13.843,21
287,11,482,3.0,2.0,0,2002-03-03 12:45:28.327,21
288,11,484,1.0,2.0,0,2002-03-03 10:19:31.263,20
289,11,485,2.0,3.0,0,2002-03-03 10:20:55.547,21
290,11,511,3.0,1.0,0,2002-03-04 10:17:49.653,21
291,11,514,1.0,3.0,0,2002-03-01 14:42:42.200,20
292,11,583,1.0,3.0,0,2002-02-25 09:55:11.920,21
293,11,584,1.0,5.0,0,2002-02-27 09:35:08.310,20
294,11,585,2.0,5.0,0,2002-02-28 15:50:55.607,20
295,11,586,2.0,4.0,0,2002-03-01 09:16:56.233,21
296,11,587,3.0,1.0,0,2002-03-01 09:26:01.793,21
297,11,588,3.0,4.0,0,2002-03-03 15:35:53.607,21
298,11,625,2.0,4.0,0,2002-03-05 22:01:30.340,20
299,11,656,,,0,2002-03-06 21:15:12.513,21
300,14,27,,,0,2002-04-16 13:00:56.997,20
301,14,70,,,0,2002-04-16 17:41:39.030,21
302,14,71,,,0,2002-04-16 13:01:50.310,20
303,14,72,,,0,2002-04-16 13:03:08.810,20
304,14,84,,,0,2002-04-16 17:17:44.357,21
305,14,88,,,0,2002-04-16 17:47:05.903,21
306,14,95,,,0,2002-04-16 22:23:30.920,21
307,14,121,,,0,2002-04-16 22:40:46.967,23
308,14,125,,,0,2002-04-10 21:40:09.950,21
309,14,126,,,0,2002-04-18 19:43:48.153,21
310,14,141,,,0,2002-04-14 15:17:48.123,20
311,14,142,,,0,2002-04-16 23:38:50.640,20
312,14,156,,,0,2002-04-16 16:58:51.827,21
313,14,351,,,0,2002-04-16 17:15:58.747,21
314,14,357,,,0,2002-04-16 17:12:01.450,21
315,14,363,,,0,2002-04-16 22:55:02.310,21
316,14,481,,,0,2002-04-16 21:34:39.170,21
317,14,482,,,0,2002-04-15 00:44:58.373,21
318,14,484,,,0,2002-04-17 13:54:52.797,20
319,14,485,,,0,2002-04-17 14:07:52.077,21
320,14,498,,,0,2002-04-12 14:24:52.937,21
321,14,499,,,0,2002-04-12 14:28:53.187,21
322,14,586,,,0,2002-04-15 22:17:33.297,21
323,14,670,,,0,2002-04-16 02:40:11.153,20
324,14,765,,,0,2002-04-15 22:52:54.280,21
325,14,767,,,0,2002-04-16 22:38:14.217,23
326,15,18,1.0,,0,2002-04-04 21:03:44.077,20
327,15,23,2.0,,0,2002-03-29 21:41:10.500,21
328,15,26,4.0,,0,2002-04-15 22:30:32.903,21
329,15,27,1.0,,0,2002-03-27 11:27:20.653,20
330,15,29,4.0,,0,2002-03-29 21:56:54.107,21
331,15,34,5.0,,0,2002-04-08 13:35:10.170,21
332,15,37,4.0,,0,2002-03-07 21:34:27.920,21
333,15,38,2.0,,0,2002-04-02 08:09:24.107,20
334,15,39,2.0,,0,2002-04-05 09:37:55.217,21
335,15,42,1.0,,0,2002-04-15 10:40:58.500,21
336,15,43,1.0,,0,2002-03-21 10:59:11.030,21
337,15,44,3.0,,0,2002-04-14 15:30:08.200,21
338,15,52,1.0,,0,2002-03-20 11:02:01.293,21
339,15,54,3.0,,0,2002-03-20 11:04:11.123,21
340,15,55,5.0,,0,2002-03-22 10:01:49.483,21
341,15,60,2.0,,0,2002-04-08 22:17:16.530,20
342,15,61,10.0,,0,2002-04-08 21:58:11.827,22
343,15,70,2.0,,0,2002-03-22 12:12:03.500,21
344,15,71,1.0,,0,2002-03-19 13:07:33.483,20
345,15,72,1.0,,0,2002-03-27 12:00:16.843,20
346,15,73,3.0,,0,2002-03-27 12:06:22.327,20
347,15,75,1.0,,0,2002-04-15 11:05:31.373,20
348,15,79,2.0,,0,2002-02-19 16:26:58.060,21
349,15,80,3.0,,0,2002-04-03 17:06:32.403,20
350,15,84,5.0,,0,2002-04-05 08:38:23.297,21
351,15,85,1.0,,0,2002-04-11 19:37:18.043,21
352,15,88,3.0,,0,2002-04-15 13:30:31.810,21
353,15,89,1.0,,0,2002-03-15 09:35:36.187,21
354,15,93,4.0,,0,2002-04-15 13:38:37.920,21
355,15,94,9.0,,0,2002-04-07 09:32:13.513,23
356,15,95,1.0,,0,2002-04-12 14:58:33.077,21
357,15,98,1.0,,0,2002-03-18 14:14:24.403,21
358,15,102,9.0,,0,2002-03-25 19:09:39.903,23
359,15,108,1.0,,0,2002-04-05 10:47:51.140,20
360,15,109,5.0,,0,2002-04-12 10:37:04.357,21
361,15,110,1.0,,0,2002-04-06 10:03:28.140,21
362,15,111,9.0,,0,2002-02-22 12:53:12.750,23
363,15,112,9.0,,0,2002-04-09 09:31:38.983,23
364,15,114,5.0,,0,2002-04-15 22:33:29.140,21
365,15,118,1.0,,0,2002-04-15 23:06:09.920,20
366,15,121,9.0,,0,2002-02-25 11:28:38.140,23
367,15,125,1.0,,0,2002-04-16 09:44:14.890,21
368,15,126,4.0,,0,2002-04-16 09:48:02.747,21
369,15,129,10.0,,0,2002-04-20 14:55:50.293,22
370,15,131,4.0,,0,2002-03-27 09:46:12.343,21
371,15,132,10.0,,0,2002-03-05 17:09:17.560,22
372,15,135,1.0,,0,2002-04-08 21:32:16.827,21
373,15,138,1.0,,0,2002-04-09 09:27:28.717,20
374,15,140,2.0,,0,2002-04-09 09:24:54.090,21
375,15,142,1.0,,0,2002-04-15 16:28:20.530,20
376,15,143,1.0,,0,2002-04-15 16:39:54.433,20
377,15,145,1.0,,0,2002-04-08 16:43:07.577,20
378,15,147,10.0,,0,2002-04-11 17:02:15.450,22
379,15,148,1.0,,0,2002-04-16 19:55:47.000,20
380,15,151,1.0,,0,2002-04-11 11:13:58.233,21
381,15,152,9.0,,0,2002-04-11 11:17:14.560,23
382,15,153,1.0,,0,2002-04-15 22:21:59.653,21
383,15,154,1.0,,0,2002-02-26 21:09:36.187,21
384,15,155,4.0,,0,2002-02-26 21:10:31.623,21
385,15,156,3.0,,0,2002-02-17 23:43:48.107,21
386,15,166,1.0,,0,2002-04-04 15:15:03.250,20
387,15,170,2.0,,0,2002-02-19 09:36:31.403,20
388,15,171,5.0,,0,2002-03-07 17:30:03.030,21
389,15,350,3.0,,0,2002-04-15 13:17:10.797,21
390,15,351,4.0,,0,2002-04-12 09:39:07.967,21
391,15,352,3.0,,0,2002-03-22 16:46:46.843,20
392,15,354,5.0,,0,2002-04-16 22:07:37.687,21
393,15,360,2.0,,0,2002-04-07 20:46:55.653,20
394,15,361,5.0,,0,2002-04-07 20:59:38.310,21
395,15,406,1.0,,0,2002-04-15 14:27:19.373,20
396,15,458,2.0,,0,2002-04-09 16:22:37.093,21
397,15,459,2.0,,0,2002-04-02 18:18:08.280,20
398,15,464,1.0,,0,2002-04-15 13:14:31.950,20
399,15,481,5.0,,0,2002-04-02 22:01:32.230,21
400,15,482,5.0,,0,2002-03-13 23:39:21.357,21
401,15,483,2.0,,0,2002-04-10 23:26:30.140,20
402,15,504,3.0,,0,2002-04-19 23:54:08.483,20
403,15,510,2.0,,0,2002-03-19 00:35:27.297,20
404,15,512,10.0,,0,2002-03-22 13:06:25.107,22
405,15,514,1.0,,0,2002-02-22 00:36:40.373,20
406,15,584,1.0,,0,2002-02-26 13:30:31.373,20
407,15,586,3.0,,0,2002-04-11 00:23:36.967,21
408,15,587,3.0,,0,2002-04-10 22:11:17.560,21
409,15,657,9.0,,0,2002-03-19 15:16:06.640,23
410,15,658,1.0,,0,2002-04-04 15:13:09.390,20
411,15,670,3.0,,0,2002-04-11 22:06:25.357,20
412,15,671,2.0,,0,2002-04-11 22:12:01.607,20
413,15,763,3.0,,0,2002-04-15 09:04:05.640,20
414,15,764,9.0,,0,2002-04-15 13:39:56.403,23
415,15,766,3.0,,0,2002-04-16 21:54:20.200,20
416,15,853,10.0,,0,2002-04-22 11:46:34.700,22
417,15,855,2.0,,0,2002-04-23 22:39:00.093,21
418,15,856,1.0,,0,2002-04-23 22:51:56.950,21
419,16,70,1.0,,0,2002-04-19 18:21:38.357,21
420,16,71,1.0,,0,2002-04-23 19:43:51.467,20
421,16,88,1.0,,0,2002-04-19 18:22:40.450,21
422,16,89,1.0,,0,2002-04-15 07:28:35.530,21
423,16,90,1.0,,0,2002-04-18 09:28:27.043,21
424,16,108,1.0,,0,2002-04-22 23:42:15.373,20
425,16,125,1.0,,0,2002-04-22 21:57:58.687,21
426,16,135,1.0,,0,2002-04-08 21:54:16.403,21
427,16,138,1.0,,0,2002-04-09 10:01:46.170,20
428,16,140,1.0,,0,2002-04-01 17:14:33.797,21
429,16,156,1.0,,0,2002-04-18 16:37:48.030,21
430,16,354,3.0,,0,2002-04-22 21:59:12.530,21
431,16,357,3.0,,0,2002-04-17 09:12:11.233,21
432,16,363,3.0,,0,2002-04-19 08:03:26.200,21
433,16,481,3.0,,0,2002-04-20 23:04:05.357,21
434,16,482,1.0,,0,2002-04-15 00:51:09.903,21
435,16,484,1.0,,0,2002-04-18 14:18:07.903,20
436,16,485,1.0,,0,2002-04-18 14:26:45.797,21
437,16,510,1.0,,0,2002-04-07 14:26:18.047,20
438,16,587,3.0,,0,2002-04-18 09:29:21.153,21
439,16,670,1.0,,0,2002-04-23 13:31:13.280,20
440,16,673,1.0,,0,2002-04-19 18:00:46.937,21
441,16,768,1.0,,0,2002-04-19 18:19:54.793,21
442,17,674,,,0,2002-04-13 08:34:24.217,28
443,17,675,,,0,2002-04-13 08:36:26.483,28
444,17,676,,,0,2002-04-13 08:37:31.187,29
445,17,677,,,0,2002-04-13 08:43:31.797,28
446,17,678,,,0,2002-04-13 08:45:53.797,28
447,17,679,,,0,2002-04-13 08:47:28.263,28
448,17,680,,,0,2002-04-13 08:51:00.060,28
449,17,681,,,0,2002-04-13 08:53:19.810,28
450,17,682,,,0,2002-04-13 08:54:02.000,28
451,17,683,,,0,2002-04-13 08:54:48.093,28
452,17,684,,,0,2002-04-13 08:55:31.683,28
453,17,685,,,0,2002-04-13 08:56:11.230,28
454,17,686,,,0,2002-04-13 08:57:26.123,28
455,17,687,,,0,2002-04-13 08:59:08.327,30
456,17,688,,,0,2002-04-13 08:59:52.170,30
457,17,689,,,0,2002-04-13 09:00:34.217,29
458,17,690,,,0,2002-04-13 09:01:19.183,29
459,17,691,,,0,2002-04-13 09:02:15.980,29
460,17,692,,,0,2002-04-13 09:03:09.013,29
461,17,693,,,0,2002-04-13 09:04:45.140,33
462,17,694,,,0,2002-04-13 09:05:38.607,33
463,17,695,,,0,2002-04-13 09:06:26.967,35
464,17,696,,,0,2002-04-13 09:08:00.200,35
465,17,729,,,0,2002-04-13 10:23:18.077,29
466,18,27,,,0,2002-04-20 13:27:06.843,20
467,18,71,,,0,2002-04-20 13:27:32.433,20
468,18,72,,,0,2002-04-20 13:27:59.107,20
469,18,141,,,0,2002-04-20 13:24:20.857,20
470,18,142,,,0,2002-04-20 13:25:19.153,20
471,18,483,,,0,2002-04-20 13:28:46.327,20
472,18,671,,,0,2002-04-20 13:22:27.467,20
473,20,906,,,0,2002-05-29 16:32:13.733,20
474,20,908,,,0,2002-05-29 16:33:22.183,20
475,20,922,,,0,2002-05-29 16:35:36.107,20
476,20,923,,,0,2002-05-29 16:36:21.390,20
477,20,924,,,0,2002-05-29 16:37:07.263,20
478,20,925,,,0,2002-05-29 16:40:52.123,40
479,20,926,,,0,2002-05-29 16:41:34.047,40
480,20,927,,,0,2002-05-29 16:42:34.327,40
481,20,928,,,0,2002-05-29 16:43:47.590,40
482,20,929,,,0,2002-05-29 16:44:55.153,40
483,20,930,,,0,2002-05-29 16:46:07.560,40
484,20,931,,,0,2002-05-29 16:46:45.390,40
485,20,932,,,0,2002-05-29 16:47:57.500,40
486,20,933,,,0,2002-05-29 16:48:50.047,40
487,20,934,,,0,2002-05-29 16:49:30.547,40
488,20,935,,,0,2002-05-29 16:50:00.200,40
489,20,936,,,0,2002-05-29 16:50:36.780,40
490,20,937,,,0,2002-05-29 16:51:09.217,40
491,20,938,,,0,2002-05-29 16:51:39.013,40
492,20,939,,,0,2002-05-29 16:52:10.560,40
493,20,955,,,0,2002-05-29 17:19:30.640,39
494,20,956,,,0,2002-05-29 17:20:03.263,39
495,20,957,,,0,2002-05-29 17:20:32.653,39
496,20,958,,,0,2002-05-29 17:21:46.217,39
497,20,959,,,0,2002-05-29 17:22:52.343,39
498,20,960,,,0,2002-05-29 17:23:24.467,39
499,20,961,,,0,2002-05-29 17:24:26.200,39
500,22,19,,,0,2002-11-11 19:06:53.517,20
501,22,43,,,0,2002-11-13 16:02:19.767,21
502,22,44,,,0,2002-11-13 15:59:20.160,23
503,22,53,,,0,2002-11-04 19:38:13.420,20
504,22,60,,,0,2002-11-08 10:00:23.690,20
505,22,75,,,0,2002-11-13 14:37:42.503,20
506,22,79,,,0,2002-11-08 10:30:40.667,21
507,22,80,,,0,2002-11-11 19:08:35.923,20
508,22,93,,,0,2002-11-08 10:43:32.880,23
509,22,126,,,0,2002-11-07 15:21:07.107,21
510,22,127,,,0,2002-11-11 18:10:43.770,24
511,22,151,,,0,2002-11-12 08:38:06.410,21
512,22,154,1.0,,0,2002-11-13 20:34:08.393,21
513,22,155,6.0,,0,2002-11-13 20:38:38.947,21
514,22,168,,,0,2002-11-08 10:58:29.080,21
515,22,463,,,0,2002-11-13 12:22:26.660,21
516,22,658,,,0,2002-11-04 19:45:28.343,20
517,22,1014,,,0,2002-11-12 21:33:42.283,38
518,22,1044,,,0,2002-11-04 19:36:32.123,39
519,22,1045,,,0,2002-11-04 19:44:12.920,39
520,22,1073,,,0,2002-11-07 20:58:16.843,21
521,22,1084,,,0,2002-11-12 15:12:51.877,39
522,22,1085,,,0,2002-11-12 15:22:40.550,38
523,22,1087,,,0,2002-11-13 00:29:06.300,21
524,22,1088,,,0,2002-11-13 00:38:39.017,21
525,22,1089,2.0,,0,2002-11-13 16:21:06.847,21
526,22,1127,1.0,,1,2002-11-14 15:07:17.930,38
527,22,1130,3.0,,0,2002-11-14 15:19:42.070,21
528,22,1161,,,0,2002-11-14 16:19:26.360,20
529,22,1162,,,0,2002-11-14 16:19:26.423,20
530,22,1163,,,0,2002-11-14 16:19:26.470,20
531,22,1164,,,0,2002-11-14 16:19:26.517,20
532,22,1165,,,0,2002-11-14 16:19:26.580,20
533,22,1166,,,0,2002-11-14 16:19:26.643,20
534,22,1167,,,0,2002-11-14 16:19:26.703,20
535,22,1168,,,0,2002-11-14 16:19:26.737,20
536,22,1169,,,0,2002-11-14 16:19:26.783,20
537,22,1170,,,0,2002-11-14 16:19:26.847,20
538,23,125,,,0,2002-10-02 11:22:48.593,21
539,23,126,,,0,2002-10-01 16:58:16.060,21
540,23,156,,,0,2002-09-24 09:32:24.717,39
541,23,482,,,0,2002-09-24 09:36:21.390,39
542,23,485,,,0,2002-09-26 14:12:31.810,21
543,23,1011,,,0,2002-09-25 15:19:28.357,39
544,23,1014,,,0,2002-09-25 15:06:30.577,38
545,23,1015,,,0,2002-09-25 15:15:46.577,38
546,23,1018,,,0,2002-09-24 21:14:11.683,39
547,23,1021,,,0,2002-09-26 16:33:57.183,38
548,23,1022,,,0,2002-09-30 22:58:58.840,38
549,23,1031,,,0,2002-10-02 21:07:19.890,38
550,24,22,1.0,,0,2002-11-01 11:26:55.000,38
551,24,26,2.0,,0,2002-11-01 11:24:15.090,39
552,24,88,1.0,,0,2002-11-05 17:51:21.717,39
553,24,108,1.0,,0,2002-11-04 09:29:18.123,38
554,24,114,2.0,,0,2002-11-01 15:45:22.983,39
555,24,125,1.0,,0,2002-11-05 13:54:39.983,39
556,24,131,1.0,,0,2002-11-01 12:47:02.797,39
557,24,360,1.0,,0,2002-11-01 12:55:47.670,38
558,24,361,2.0,,0,2002-11-01 09:11:39.717,39
559,24,363,2.0,,0,2002-11-05 22:35:03.640,39
560,24,515,2.0,,0,2002-11-01 14:30:38.390,39
561,24,588,2.0,,0,2002-11-01 12:49:59.590,39
562,24,671,1.0,,0,2002-11-06 20:02:25.140,38
563,24,768,1.0,,0,2002-11-05 14:28:50.937,39
564,24,1019,1.0,,0,2002-11-05 22:23:13.730,38
565,24,1023,1.0,,0,2002-11-01 09:07:49.233,38
566,24,1042,1.0,,0,2002-11-04 09:30:58.343,39
567,24,1043,2.0,,0,2002-11-04 09:32:25.310,39
568,24,1047,2.0,,0,2002-11-05 14:35:56.030,39
569,24,1049,1.0,,0,2002-11-06 17:29:28.217,39
570,24,1050,1.0,,0,2002-11-06 19:56:18.623,38
571,25,461,1.0,4.0,0,2002-09-24 17:01:17.687,39
572,25,1010,1.0,1.0,0,2002-10-23 18:45:18.280,39
573,25,1011,1.0,3.0,0,2002-10-23 18:43:01.890,39
574,25,1019,1.0,4.0,0,2002-09-25 17:30:00.013,38
575,25,1021,1.0,1.0,0,2002-09-25 17:36:18.920,38
576,25,1022,1.0,2.0,0,2002-09-25 17:37:28.780,38
577,25,1023,1.0,2.0,0,2002-09-25 17:38:09.983,38
578,25,1024,1.0,5.0,0,2002-09-25 17:39:15.513,38
579,25,1033,1.0,2.0,0,2002-10-23 18:48:12.513,39
580,25,1034,1.0,6.0,0,2002-11-05 14:53:08.140,39
581,25,1041,1.0,5.0,0,2002-10-23 18:53:34.873,39
582,26,27,1.0,1.0,0,2002-11-12 21:30:56.720,20
583,26,52,1.0,1.0,0,2002-11-12 14:51:51.190,21
584,26,55,2.0,5.0,0,2002-11-12 19:19:00.330,21
585,26,70,1.0,3.0,0,2002-11-12 12:49:35.877,21
586,26,84,3.0,3.0,0,2002-11-08 11:55:13.597,21
587,26,88,2.0,2.0,0,2002-11-12 12:51:01.910,21
588,26,89,1.0,2.0,0,2002-11-07 13:17:27.030,21
589,26,126,1.0,4.0,0,2002-11-11 14:08:14.767,21
590,26,148,1.0,2.0,0,2002-11-12 22:58:58.110,20
591,26,156,1.0,5.0,0,2002-10-24 12:57:32.263,21
592,26,351,3.0,1.0,0,2002-11-13 17:26:44.283,21
593,26,481,3.0,4.0,0,2002-11-08 09:11:13.750,21
594,26,482,2.0,3.0,0,2002-10-24 13:01:32.950,21
595,26,587,3.0,2.0,0,2002-11-07 13:29:00.483,21
596,26,670,1.0,3.0,0,2002-11-12 09:29:36.610,20
597,26,855,2.0,4.0,0,2002-11-13 09:31:20.267,21
598,26,1049,2.0,1.0,0,2002-11-12 00:55:18.517,21
599,26,1106,3.0,5.0,0,2002-11-13 22:23:15.777,21
600,27,674,,,0,2002-11-06 08:07:20.890,28
601,27,675,,,0,2002-11-07 23:05:41.107,28
602,27,676,,,0,2002-11-04 13:01:18.843,29
603,27,677,,,0,2002-11-06 13:46:42.153,28
604,27,678,,,0,2002-11-06 13:51:15.093,28
605,27,679,,,0,2002-11-07 23:18:56.623,28
606,27,681,,,0,2002-11-07 17:17:59.653,29
607,27,682,,,0,2002-11-07 17:09:45.450,28
608,27,683,,,0,2002-11-07 17:11:01.340,28
609,27,684,,,0,2002-11-07 17:11:58.607,28
610,27,685,,,0,2002-11-07 17:14:16.090,28
611,27,687,,,0,2002-11-07 17:15:39.123,30
612,27,688,,,0,2002-11-07 17:17:01.920,30
613,27,689,,,0,2002-11-07 16:42:54.327,28
614,27,691,,,0,2002-11-05 09:36:39.747,29
615,27,695,,,0,2002-11-05 22:51:23.717,35
616,27,1046,,,0,2002-11-05 09:37:13.077,30
617,27,1048,,,0,2002-11-06 08:06:11.763,32
618,27,1070,,,0,2002-11-07 17:21:43.013,32
619,27,1071,,,0,2002-11-07 17:23:09.123,35
620,27,1072,,,0,2002-11-07 17:23:57.890,35
621,27,1074,5.0,3.0,1,2002-11-08 11:22:22.847,32
622,28,36,,,0,2003-01-07 21:28:05.307,21
623,28,42,,,0,2003-01-07 22:44:22.007,21
624,28,43,,,0,2003-01-07 17:17:05.180,21
625,28,44,,,0,2003-01-07 17:17:53.150,21
626,28,75,,,0,2003-01-07 22:40:03.457,20
627,28,79,,,0,2003-01-07 13:24:59.990,21
628,28,85,,,0,2003-01-09 08:22:15.323,21
629,28,93,,,0,2003-01-07 13:26:25.473,21
630,28,144,,,0,2003-01-08 23:32:30.230,20
631,28,151,,,0,2003-01-08 17:38:23.467,21
632,28,154,,,0,2003-01-07 22:31:11.923,21
633,28,350,,,0,2003-01-08 23:30:05.310,21
634,28,463,,,0,2003-01-09 13:33:06.443,21
635,28,584,,,0,2003-01-08 19:57:42.037,20
636,28,1087,,,0,2003-01-08 23:36:18.840,39
637,28,1089,,,0,2003-01-09 13:31:34.817,21
638,28,1196,,,0,2003-01-05 23:48:58.930,38
639,28,1197,,,0,2003-01-08 15:52:33.153,38
640,29,27,1.0,,0,2002-12-30 23:26:25.970,20
641,29,52,1.0,,0,2002-12-23 10:51:38.407,21
642,29,54,2.0,,0,2002-12-23 10:54:07.390,21
643,29,70,2.0,,0,2002-12-25 22:35:51.360,21
644,29,71,1.0,,0,2002-12-30 23:31:42.920,20
645,29,72,2.0,,0,2002-12-30 23:34:20.577,20
646,29,84,4.0,,0,2002-12-19 16:43:46.980,21
647,29,88,3.0,,0,2002-12-25 22:38:15.197,21
648,29,89,1.0,,0,2002-12-30 19:39:10.343,21
649,29,90,2.0,,0,2002-12-30 19:41:38.093,21
650,29,95,1.0,,0,2002-12-30 12:26:24.140,21
651,29,109,3.0,,0,2003-01-01 17:48:44.057,21
652,29,110,1.0,,0,2002-12-19 16:48:39.637,21
653,29,125,1.0,,0,2002-12-19 16:40:21.350,21
654,29,126,2.0,,0,2002-12-19 16:41:24.320,21
655,29,131,2.0,,0,2002-12-30 11:31:11.593,21
656,29,132,2.0,,0,2002-12-26 22:15:09.143,20
657,29,135,1.0,,0,2002-12-23 13:40:38.660,21
658,29,138,1.0,,0,2002-12-23 15:59:25.180,20
659,29,142,1.0,,0,2002-12-23 13:42:22.490,20
660,29,156,1.0,,0,2002-12-30 13:37:54.663,21
661,29,351,3.0,,0,2002-12-28 11:56:20.900,21
662,29,354,3.0,,0,2002-12-19 16:42:27.823,21
663,29,357,4.0,,0,2002-12-30 11:32:43.250,21
664,29,363,2.0,,0,2002-12-30 23:20:52.667,21
665,29,481,3.0,,0,2002-12-30 13:44:05.663,21
666,29,482,2.0,,0,2002-12-30 13:41:46.710,21
667,29,501,2.0,,0,2002-12-30 19:42:49.060,20
668,29,512,2.0,,0,2002-12-31 11:57:19.913,20
669,29,855,1.0,,0,2002-12-30 19:52:31.833,21
670,29,1043,4.0,,0,2003-01-01 17:50:03.133,21
671,29,1047,2.0,,0,2002-12-27 21:02:46.737,21
672,29,1049,1.0,,0,2002-12-27 11:21:55.643,21
673,29,1174,2.0,,0,2003-01-02 17:52:08.950,23
674,29,1175,4.0,,0,2003-01-02 17:55:50.750,21
675,29,1176,1.0,,0,2003-01-02 18:00:37.143,20
676,29,1195,3.0,,0,2003-01-02 18:19:41.397,21
677,31,70,,,0,2003-04-01 09:53:09.653,21
678,31,88,,,0,2003-04-01 09:54:18.857,21
679,31,95,,,0,2003-03-27 09:43:33.577,21
680,31,108,,,0,2003-03-30 17:15:31.560,20
681,31,120,,,0,2003-04-01 19:01:08.840,21
682,31,125,,,0,2003-04-01 12:05:19.983,21
683,31,156,,,0,2003-03-19 10:52:12.060,21
684,31,363,,,0,2003-03-27 11:38:48.343,21
685,31,496,,,0,2003-04-03 19:58:13.577,21
686,31,497,,,0,2003-03-17 11:00:25.497,21
687,31,505,,,0,2003-02-27 10:25:05.590,20
688,31,510,,,0,2003-03-06 16:38:29.497,20
689,31,768,,,0,2003-04-01 09:57:04.230,21
690,31,1011,,,0,2003-03-26 08:19:23.000,39
691,31,1019,,,0,2003-04-02 10:16:22.123,38
692,31,1049,,,0,2003-03-09 20:08:42.340,39
693,31,1175,,,0,2003-03-31 15:31:41.263,21
694,31,1176,,,0,2003-04-02 15:30:22.560,20
695,31,1254,,,0,2003-03-31 19:03:07.670,39
696,31,1261,,,0,2003-03-27 12:00:28.937,39
697,31,1262,,,0,2003-03-27 16:26:59.123,20
698,31,1263,,,0,2003-03-28 15:13:30.200,21
699,32,52,1.0,,0,2003-01-17 14:27:21.553,21
700,32,54,1.0,,0,2003-01-20 15:26:46.760,21
701,32,70,1.0,,0,2003-01-22 18:16:11.810,21
702,32,363,1.0,,0,2003-01-22 11:22:16.090,21
703,32,482,1.0,,0,2003-01-20 19:23:02.183,21
704,32,768,1.0,,0,2003-01-17 16:47:55.593,21
705,32,1023,1.0,,0,2003-01-21 08:48:49.683,20
706,32,1024,1.0,,0,2003-01-17 08:20:00.760,20
707,32,1176,1.0,,0,2003-01-11 17:00:58.063,20
708,32,1198,1.0,,0,2003-01-16 22:41:54.143,21
709,32,1199,1.0,,0,2003-01-16 22:43:52.133,20
710,32,1204,1.0,,0,2003-01-22 20:31:26.230,20
711,32,1205,1.0,,0,2003-01-23 23:21:21.170,20
712,33,22,,,0,2003-03-02 16:44:37.903,20
713,33,27,,,0,2003-02-26 09:43:26.153,20
714,33,52,,,0,2003-02-26 16:04:24.950,21
715,33,54,,,0,2003-02-26 16:11:03.513,21
716,33,55,,,0,2003-03-04 20:05:08.013,21
717,33,70,,,0,2003-03-04 21:59:42.373,21
718,33,84,,,0,2003-02-24 12:57:14.547,21
719,33,88,,,0,2003-03-04 22:01:17.310,21
720,33,90,,,0,2003-03-04 15:12:06.310,21
721,33,95,,,0,2003-03-04 10:15:54.403,21
722,33,109,,,0,2003-03-04 20:29:27.810,21
723,33,114,,,0,2003-03-04 22:45:37.390,21
724,33,125,,,0,2003-03-04 11:07:24.763,21
725,33,148,,,0,2003-03-04 15:06:43.217,20
726,33,156,,,0,2003-02-28 08:07:49.857,21
727,33,351,,,0,2003-03-04 15:14:27.437,21
728,33,354,,,0,2003-03-04 22:45:11.543,21
729,33,363,,,0,2003-03-03 13:29:24.780,39
730,33,496,,,0,2003-03-04 22:55:29.280,21
731,33,510,,,0,2003-02-24 19:34:59.560,38
732,33,583,,,0,2003-03-04 15:09:45.107,21
733,33,585,,,0,2003-03-04 07:47:46.780,38
734,33,586,,,0,2003-03-03 22:51:26.247,21
735,33,673,,,0,2003-03-04 11:00:19.840,21
736,33,765,,,0,2003-03-02 16:54:15.140,21
737,33,768,,,0,2003-03-03 22:45:45.670,21
738,33,1015,,,0,2003-02-27 13:16:55.107,38
739,33,1023,,,0,2003-03-04 15:30:41.937,38
740,33,1049,,,0,2003-03-02 21:46:22.107,39
741,33,1175,,,0,2003-03-02 23:02:23.577,21
742,33,1176,,,0,2003-02-25 14:33:08.030,20
743,33,1206,,,0,2003-02-20 11:53:32.530,39
744,33,1208,,,0,2003-02-28 00:45:20.467,23
745,33,1210,,,0,2003-03-04 20:05:52.233,21
746,34,19,1.0,,0,2003-03-13 09:55:39.107,20
747,34,20,4.0,,0,2003-03-20 10:47:18.187,21
748,34,22,4.0,,0,2003-04-01 00:27:53.937,20
749,34,28,6.0,,0,2003-03-31 15:21:50.107,21
750,34,34,6.0,,0,2003-03-31 21:56:41.967,21
751,34,36,7.0,,0,2003-03-31 22:36:00.233,21
752,34,37,,,0,2003-03-12 22:44:01.797,21
753,34,38,,,0,2003-03-12 23:00:45.013,20
754,34,39,,,0,2003-03-31 10:01:57.763,21
755,34,42,1.0,,0,2003-03-31 23:27:50.983,21
756,34,43,2.0,,0,2003-03-31 23:30:35.340,21
757,34,52,2.0,,0,2003-03-20 16:50:18.060,21
758,34,53,2.0,,0,2003-03-27 23:28:29.810,20
759,34,54,4.0,,0,2003-03-20 16:53:16.810,21
760,34,55,,,0,2003-03-31 13:05:25.107,21
761,34,60,3.0,,0,2003-03-31 21:41:12.310,20
762,34,61,11.0,,0,2003-03-31 21:38:49.793,22
763,34,70,3.0,,0,2003-04-01 10:39:36.483,21
764,34,75,2.0,,0,2003-03-31 23:19:35.420,20
765,34,79,3.0,,0,2003-03-31 11:17:15.293,21
766,34,80,4.0,,0,2003-03-30 16:09:33.357,20
767,34,84,1.0,,0,2003-03-13 08:59:38.030,21
768,34,85,3.0,,0,2003-03-26 21:41:52.750,21
769,34,88,4.0,,0,2003-04-01 10:47:51.187,21
770,34,89,2.0,,0,2003-03-28 09:30:06.420,21
771,34,90,,,0,2003-03-28 09:34:01.247,21
772,34,91,3.0,,0,2003-03-31 09:40:30.590,21
773,34,93,5.0,,0,2003-03-31 11:24:41.437,21
774,34,95,1.0,,0,2003-03-27 09:47:06.653,21
775,34,98,2.0,,0,2003-03-27 15:28:39.013,21
776,34,102,10.0,,0,2003-03-27 15:29:57.187,23
777,34,108,2.0,,0,2003-03-30 17:29:15.327,20
778,34,118,,,0,2003-04-01 15:02:32.607,20
779,34,125,,,0,2003-03-13 10:12:29.060,21
780,34,126,,,0,2003-03-13 10:13:08.060,21
781,34,129,1.0,,0,2003-04-16 00:18:25.590,22
782,34,132,11.0,,0,2003-03-31 08:20:49.890,22
783,34,138,1.0,,0,2003-04-01 16:18:15.733,20
784,34,140,3.0,,0,2003-04-01 16:36:37.230,21
785,34,142,1.0,,0,2003-03-31 10:32:10.793,20
786,34,143,2.0,,0,2003-03-31 10:36:29.763,20
787,34,144,1.0,,0,2003-03-31 08:32:52.827,20
788,34,145,2.0,,0,2003-04-01 14:00:50.623,20
789,34,147,1.0,,0,2003-04-01 14:08:36.843,22
790,34,148,2.0,,0,2003-03-28 09:24:58.543,20
791,34,151,1.0,,0,2003-03-27 08:28:17.640,21
792,34,152,10.0,,0,2003-03-27 08:29:41.810,23
793,34,153,2.0,,0,2003-03-26 13:22:29.560,21
794,34,154,1.0,,0,2003-03-31 22:04:58.233,21
795,34,155,6.0,,0,2003-03-31 21:55:09.060,21
796,34,156,3.0,,0,2003-03-17 22:52:09.390,21
797,34,166,1.0,,0,2003-03-31 08:58:21.857,20
798,34,170,3.0,,0,2003-03-24 16:22:22.450,20
799,34,171,7.0,,0,2003-03-24 16:20:02.060,21
800,34,351,5.0,,0,2003-04-01 11:04:26.967,21
801,34,352,9.0,,0,2003-03-31 10:52:45.793,20
802,34,356,4.0,,0,2003-04-01 15:44:12.327,20
803,34,363,5.0,,0,2003-03-27 11:43:34.890,21
804,34,482,5.0,,0,2003-03-17 22:55:57.590,21
805,34,498,,,0,2003-03-13 10:31:48.607,21
806,34,512,11.0,,0,2003-03-20 10:41:22.797,22
807,34,762,,,0,2003-03-18 12:26:28.467,24
808,34,763,4.0,,0,2003-03-12 20:45:06.653,20
809,34,764,10.0,,0,2003-04-01 10:32:37.293,23
810,34,855,3.0,,0,2003-04-01 20:23:16.873,21
811,34,856,1.0,,0,2003-03-31 17:08:48.687,21
812,34,1014,1.0,,0,2003-04-01 11:50:20.170,38
813,34,1015,2.0,,0,2003-04-01 11:44:51.310,20
814,34,1070,12.0,,1,2003-04-09 12:18:26.280,32
815,34,1073,5.0,,0,2003-03-12 15:18:42.763,21
816,34,1088,5.0,,0,2003-03-26 13:27:09.513,21
817,34,1176,2.0,,0,2003-03-25 22:39:51.950,20
818,34,1203,1.0,,0,2003-03-31 09:35:00.763,39
819,34,1209,,,0,2003-03-04 19:02:26.640,21
820,34,1255,,,0,2003-03-15 17:45:19.217,38
821,34,1256,2.0,,0,2003-03-20 09:32:01.247,21
822,34,1264,9.0,,0,2003-03-31 21:55:46.920,21
823,34,1272,3.0,,0,2003-04-01 15:27:59.153,20
824,34,1335,4.0,,1,2003-04-09 12:22:15.090,20
825,34,1377,1.0,,0,2003-04-22 12:40:23.843,23
826,34,1381,,,0,2003-04-23 14:34:49.043,22
827,35,19,,,0,2003-03-10 14:10:24.967,20
828,35,43,2.0,,0,2003-03-11 19:08:03.687,21
829,35,44,3.0,,0,2003-03-11 19:09:51.157,21
830,35,79,,,0,2003-03-10 14:06:40.640,21
831,35,93,,,0,2003-03-10 14:08:36.547,21
832,35,98,2.0,,0,2003-03-10 21:53:56.920,21
833,35,127,1.0,,0,2003-03-13 20:47:53.013,20
834,35,145,,,0,2003-03-11 14:36:36.840,20
835,35,151,1.0,,0,2003-03-11 08:47:56.280,21
836,35,153,1.0,,0,2003-03-11 14:42:47.090,21
837,35,154,1.0,,0,2003-03-11 14:23:48.497,21
838,35,462,2.0,,0,2003-03-11 09:10:19.247,21
839,35,658,1.0,,0,2003-03-10 16:41:02.840,20
840,35,1044,2.0,,0,2003-03-10 21:27:40.107,21
841,35,1045,3.0,,0,2003-03-10 21:42:23.170,21
842,36,89,1.0,,0,2003-04-09 10:15:02.090,21
843,36,90,2.0,,0,2003-04-09 10:16:49.717,21
844,36,95,1.0,,0,2003-04-09 08:23:25.513,21
845,36,110,1.0,,0,2003-04-09 23:20:00.217,21
846,36,125,1.0,,0,2003-04-07 16:58:28.763,21
847,36,126,2.0,,0,2003-03-31 09:27:49.857,21
848,36,144,1.0,,0,2003-03-31 08:28:13.543,20
849,36,148,1.0,,0,2003-04-09 10:06:37.997,20
850,36,351,2.0,,0,2003-04-09 06:58:32.513,21
851,36,360,1.0,,0,2003-04-07 14:00:44.733,20
852,36,361,2.0,,0,2003-04-07 14:14:23.327,21
853,36,671,1.0,,0,2003-04-08 03:04:34.200,20
854,36,673,2.0,,0,2003-04-08 15:51:52.030,21
855,36,768,2.0,,0,2003-04-09 22:37:17.827,21
856,36,856,1.0,,0,2003-04-09 09:34:26.060,21
857,36,1014,1.0,,0,2003-04-08 23:34:00.153,20
858,36,1015,1.0,,0,2003-04-08 23:37:21.530,20
859,36,1016,1.0,,0,2003-04-09 19:01:51.590,20
860,36,1203,1.0,,0,2003-04-09 22:19:10.967,21
861,36,1263,2.0,,0,2003-04-05 17:31:57.670,21
862,36,1334,2.0,,0,2003-04-05 23:49:28.797,21
863,38,22,1.0,,0,2003-03-02 23:23:22.187,20
864,38,27,,,0,2003-03-20 15:26:08.980,20
865,38,108,1.0,,0,2003-03-20 17:43:04.640,20
866,38,114,2.0,,0,2003-03-20 12:51:18.513,21
867,38,126,,,0,2003-03-18 20:16:18.950,21
868,38,156,1.0,,0,2003-03-14 08:41:23.530,21
869,38,351,2.0,,0,2003-03-18 23:26:35.217,21
870,38,765,2.0,,0,2003-03-02 23:25:57.060,21
871,38,768,1.0,,0,2003-03-05 18:25:14.763,21
872,38,1034,,,0,2003-03-21 10:19:14.013,39
873,38,1043,1.0,,0,2003-03-13 11:34:17.857,21
874,38,1047,1.0,,0,2003-03-05 18:27:11.233,39
875,38,1049,1.0,,0,2003-03-20 13:44:34.140,39
876,38,1050,3.0,,0,2003-02-25 17:13:50.797,20
877,38,1206,3.0,,0,2003-03-05 08:24:59.717,39
878,38,1211,3.0,,0,2003-03-05 08:30:22.717,39
879,38,1254,6.0,,0,2003-03-13 11:30:20.263,39
880,39,23,,,0,2003-02-07 17:30:39.953,21
881,39,29,,,0,2003-02-07 17:37:19.390,21
882,39,37,,,0,2003-02-07 17:42:32.407,21
883,39,38,,,0,2003-02-07 17:45:53.123,20
884,39,85,,,0,2003-02-07 17:34:51.763,21
885,39,170,,,0,2003-02-07 17:44:12.577,20
886,39,171,,,0,2003-02-07 17:40:29.060,21
887,39,352,,,0,2003-02-07 17:46:12.530,20
888,39,356,,,0,2003-02-07 17:40:49.217,20
889,39,406,,,0,2003-02-07 17:32:45.157,20
890,39,1071,,,0,2003-02-07 17:49:16.340,35
891,40,674,1.0,,0,2003-04-03 20:29:34.030,28
892,40,675,1.0,,0,2003-04-03 20:28:42.043,28
893,40,676,2.0,,0,2003-04-03 20:25:40.840,29
894,40,677,1.0,,0,2003-03-15 12:51:05.717,28
895,40,678,1.0,,0,2003-04-09 13:06:10.997,28
896,40,679,1.0,,0,2003-04-05 12:20:40.077,28
897,40,680,2.0,,0,2003-04-08 09:56:55.420,29
898,40,682,1.0,,0,2003-04-08 19:22:04.280,28
899,40,683,1.0,,0,2003-04-08 19:23:19.357,28
900,40,687,3.0,,0,2003-04-08 19:07:34.687,30
901,40,689,1.0,,0,2003-04-08 19:20:06.403,28
902,40,691,2.0,,0,2003-04-05 12:17:04.810,29
903,40,692,1.0,,0,2003-04-11 18:51:57.590,28
904,40,695,5.0,,0,2003-04-04 18:39:46.670,35
905,40,696,5.0,,0,2003-04-08 19:05:29.513,35
906,40,1046,3.0,,0,2003-04-03 20:27:05.687,30
907,40,1048,4.0,,0,2003-04-03 20:24:11.343,32
908,40,1070,4.0,,0,2003-04-08 19:14:29.840,32
909,40,1074,4.0,,0,2003-04-11 18:49:35.453,32
910,40,1329,1.0,,0,2003-04-11 18:53:42.407,28
911,40,1336,2.0,,0,2003-04-11 18:56:04.233,29
912,42,674,,,0,2003-04-26 17:28:23.950,28
913,42,675,,,0,2003-04-26 17:29:57.890,28
914,42,1384,,,0,2003-04-26 17:33:46.247,28
915,42,1386,,,0,2003-04-26 17:41:56.763,28
916,42,1387,,,0,2003-04-26 17:44:35.140,28
917,42,1388,,,0,2003-04-26 18:08:22.763,43
918,42,1389,,,0,2003-04-26 18:10:36.903,43
919,42,1390,,,0,2003-04-26 18:12:42.043,43
920,42,1391,,,0,2003-04-26 18:13:31.187,43
921,42,1392,,,0,2003-04-26 18:15:18.263,43
922,42,1393,,,0,2003-04-26 18:16:38.043,43
923,42,1394,,,0,2003-04-26 18:17:38.703,43
924,43,22,,,0,2003-11-13 23:06:20.903,20
925,43,89,1.0,,0,2003-11-11 09:18:14.717,21
926,43,90,2.0,,0,2003-11-11 09:38:29.670,21
927,43,108,,,0,2003-11-11 10:36:07.123,20
928,43,109,,,0,2003-11-11 10:37:46.217,21
929,43,156,1.0,,0,2003-11-11 19:17:22.263,21
930,43,360,1.0,,0,2003-11-11 15:40:31.780,20
931,43,504,1.0,,0,2003-11-11 10:01:56.077,20
932,43,515,3.0,,0,2003-11-11 23:23:07.670,21
933,43,765,1.0,,0,2003-11-03 23:43:22.623,39
934,43,768,,,0,2003-11-11 09:07:00.873,21
935,43,1019,,,0,2003-11-13 23:08:26.980,38
936,43,1023,,,0,2003-11-11 09:06:01.123,38
937,43,1031,1.0,,0,2003-11-03 23:34:54.797,38
938,43,1034,,,0,2003-11-05 10:17:03.687,39
939,43,1043,,,0,2003-11-12 21:44:40.437,21
940,43,1047,,,0,2003-11-11 09:08:43.640,39
941,43,1049,,,0,2003-11-11 14:29:00.840,39
942,43,1206,2.0,,0,2003-11-11 07:46:27.670,39
943,43,1211,3.0,,0,2003-11-11 07:48:56.230,39
944,43,1460,1.0,,0,2003-11-04 13:52:48.200,39
945,44,19,,,0,2003-11-26 08:14:48.217,20
946,44,43,1.0,,0,2003-11-25 14:23:49.140,21
947,44,61,2.0,,0,2003-11-25 18:24:09.077,20
948,44,71,,,0,2003-11-16 17:38:47.153,20
949,44,93,1.0,,0,2003-11-25 09:03:09.077,21
950,44,125,,,0,2003-11-21 19:01:47.310,21
951,44,126,8.0,,0,2003-11-21 19:04:34.607,21
952,44,127,,,0,2003-11-26 08:11:46.373,20
953,44,153,,,0,2003-11-24 21:34:42.670,21
954,44,155,3.0,,0,2003-11-24 23:47:52.467,21
955,44,170,8.0,,0,2003-11-16 13:02:27.247,20
956,44,171,,,0,2003-11-16 13:07:44.983,21
957,44,354,8.0,,0,2003-11-21 19:06:03.967,21
958,44,458,,,0,2003-11-24 20:57:08.297,21
959,44,463,1.0,,0,2003-11-25 12:50:56.390,21
960,44,671,,,0,2003-11-13 01:18:50.403,20
961,44,1089,1.0,,0,2003-11-24 23:36:59.450,21
962,44,1127,2.0,,1,2003-11-26 17:46:44.810,20
963,44,1446,8.0,,0,2003-11-24 21:54:43.717,21
964,44,1457,1.0,,0,2003-11-23 19:53:08.450,20
965,44,1469,8.0,,0,2003-11-24 18:24:08.230,20
966,44,1470,3.0,,0,2003-11-25 16:25:01.000,21
967,44,1471,2.0,,0,2003-11-26 17:48:15.107,20
968,44,1472,2.0,,0,2003-11-26 17:49:27.810,21
969,45,52,,,0,2003-10-03 18:04:54.077,21
970,45,72,,,0,2003-10-03 18:29:36.810,20
971,45,95,,,0,2003-10-03 18:06:21.437,21
972,45,125,,,0,2003-10-03 18:05:54.480,21
973,45,156,,,0,2003-10-03 17:46:46.483,21
974,45,363,,,0,2003-10-03 18:06:37.233,21
975,45,498,,,0,2003-10-03 18:02:50.153,21
976,45,499,,,0,2003-10-03 18:03:53.873,21
977,45,673,,,0,2003-10-03 18:07:03.200,21
978,45,768,,,0,2003-10-03 18:05:26.920,21
979,45,1010,,,0,2003-10-03 17:59:56.217,39
980,45,1011,,,0,2003-10-03 17:56:15.797,39
981,45,1013,,,0,2003-10-03 18:31:24.000,38
982,45,1014,,,0,2003-10-03 18:28:05.857,38
983,45,1015,,,0,2003-10-03 18:28:47.983,38
984,45,1022,,,0,2003-10-03 18:30:31.637,38
985,45,1023,,,0,2003-10-03 18:32:06.373,38
986,45,1176,,,0,2003-10-03 18:30:48.483,20
987,45,1395,,,0,2003-10-03 18:07:58.843,39
988,46,1010,,,0,2003-10-10 16:13:23.403,39
989,46,1011,,,0,2003-10-10 16:09:27.000,39
990,46,1019,,,0,2003-10-09 14:01:43.780,38
991,46,1020,,,0,2003-10-23 15:37:58.327,38
992,46,1021,,,0,2003-10-09 14:11:27.187,38
993,46,1022,,,0,2003-10-09 14:16:40.373,38
994,46,1023,,,0,2003-09-27 15:31:39.200,38
995,46,1024,,,0,2003-10-23 15:42:14.437,38
996,46,1032,,,0,2003-10-10 16:08:00.500,39
997,46,1033,,,0,2003-10-10 16:06:21.547,39
998,46,1034,,,0,2003-10-25 18:03:06.873,39
999,46,1049,,,0,2003-10-25 17:58:56.140,39
