,MotID,EinstID,Timastimpill,Upphafsstafir
0,1,16,2001-02-09 19:49:29.747,JÓV
1,1,29,2001-02-09 19:49:29.747,ÁM
2,1,39,2001-02-09 19:49:29.747,ÓHG
3,1,45,2001-02-09 19:49:29.747,EMÁ
4,1,76,2001-02-09 19:49:29.747,VGV
5,1,162,2001-02-09 19:49:29.747,BÞJ
6,1,208,2001-02-09 19:49:29.747,GÞ
7,1,233,2001-02-09 19:49:29.747,ÁS
8,1,258,2001-02-09 19:49:29.747,ESV
9,1,279,2001-02-09 19:49:29.747,HÞS
10,1,303,2001-02-09 19:49:29.747,ÁE
11,1,341,2001-02-09 19:49:29.747,GÁK
12,1,361,2001-02-09 19:49:29.747,SJE
13,1,363,2001-02-09 19:49:29.747,FÖÞ
14,1,372,2001-02-09 19:49:29.747,HIÞ
15,1,383,2001-02-09 19:49:29.747,IRH
16,1,417,2001-02-09 19:49:29.747,EJL
17,1,428,2001-02-09 19:49:29.747,FS
18,1,496,2001-02-09 19:49:29.747,LGG
19,1,528,2001-02-09 19:49:29.747,MBG
20,1,552,2001-02-09 19:49:29.747,GHJ
21,1,600,2001-02-09 19:49:29.747,NBO
22,1,650,2001-02-09 19:49:29.747,JD
23,1,651,2001-02-09 19:49:29.747,ED
24,2,102,2001-04-26 23:03:15.403,FB
25,2,218,2001-04-26 21:30:37.640,BK
26,2,241,2001-04-26 21:38:23.670,HH
27,2,337,2001-04-27 23:36:22.203,PÓ
28,2,345,2001-04-23 21:02:21.397,HK
29,2,353,2001-04-27 23:35:01.593,KGP
30,2,374,2001-04-23 21:02:42.693,HS
31,2,381,2001-04-19 10:40:03.323,GGa
32,2,384,2001-04-23 21:04:54.377,HB
33,2,455,2001-04-23 21:06:02.480,IA
34,2,489,2001-04-26 21:40:56.903,MG
35,2,544,2001-04-23 21:01:39.717,HV
36,2,545,2001-04-26 23:02:14.320,GG
37,2,605,2001-04-26 20:55:40.000,HJ
38,2,678,2001-04-19 10:36:57.853,SAÓ
39,2,914,2001-04-26 20:55:11.800,GS
40,2,915,2001-04-26 20:20:58.200,AK
41,2,916,2001-04-26 21:16:01.953,MP
42,2,936,2001-04-26 21:12:47.503,SKH
43,2,942,2001-04-26 20:48:22.737,GSi
44,2,948,2001-04-26 22:53:54.070,BB
45,2,951,2001-04-26 20:58:17.297,KVG
46,2,952,2001-04-26 21:02:02.247,SG
47,2,953,2001-04-26 21:14:28.423,BÞ
48,2,955,2001-04-26 21:24:32.407,LG
49,2,957,2001-04-26 21:29:19.710,ÞG
50,2,958,2001-04-26 21:33:34.113,SJ
51,2,960,2001-04-26 21:40:08.487,HHa
52,2,961,2001-04-26 21:57:18.417,HKá
53,2,963,2001-04-26 22:00:54.483,AÞM
54,2,965,2001-04-26 22:47:30.550,AJ
55,2,967,2001-04-26 22:51:18.457,JH
56,2,968,2001-04-26 22:52:29.753,MI
57,2,969,2001-04-26 22:54:54.993,HBB
58,2,970,2001-04-26 22:55:51.640,HGM
59,2,971,2001-04-26 22:56:36.613,HM
60,2,973,2001-04-26 22:59:14.780,LBS
61,2,974,2001-04-26 23:00:16.507,HE
62,2,975,2001-04-26 23:04:50.613,EJ
63,2,984,2001-04-27 23:26:07.027,SM
64,2,985,2001-04-27 23:44:35.313,BG
65,3,651,2001-04-22 17:38:06.033,ED
66,3,678,2001-04-22 19:51:01.943,SAÓ
67,3,976,2001-04-27 10:56:57.110,SS
68,6,207,2001-11-14 13:32:00.903,GS
69,6,241,2001-11-14 13:35:25.437,HH
70,6,337,2001-11-14 13:30:43.793,PÓ
71,6,545,2001-11-14 13:29:14.890,GG
72,6,605,2001-11-14 13:31:12.390,HJ
73,6,678,2001-11-14 13:30:10.450,SAÓ
74,6,863,2001-11-14 13:32:22.967,ES
75,6,905,2001-11-14 13:31:00.950,HV
76,6,945,2001-11-14 13:31:31.577,GSi
77,6,951,2001-11-14 13:34:02.433,KVG
78,6,958,2001-11-14 13:30:24.980,SJ
79,6,963,2001-11-14 13:35:49.670,AÞM
80,8,178,2002-01-02 22:07:27.217,SV
81,17,154,2002-04-13 20:17:18.873,HGB
82,17,207,2002-04-13 20:40:55.310,GS
83,17,241,2002-04-13 20:15:16.577,HH
84,17,266,2002-04-13 20:13:51.653,HGE
85,17,337,2002-04-13 20:14:57.653,PÓ
86,17,353,2002-04-13 20:14:23.093,KGP
87,17,381,2002-04-13 20:10:04.747,GGa
88,17,455,2002-04-13 23:39:35.090,IA
89,17,545,2002-04-13 20:13:06.670,GG
90,17,678,2002-04-13 20:14:05.513,SAÓ
91,17,967,2002-04-13 23:40:10.543,JH
92,17,1083,2002-04-13 20:15:43.733,GOS
93,17,1085,2002-04-13 20:47:12.297,KG
94,17,1087,2002-04-13 23:45:10.153,ÓG
95,24,149,2002-11-06 23:20:35.797,GS
96,24,342,2002-11-06 23:20:08.140,KPE
97,24,637,2002-11-06 23:22:21.153,BB
98,24,1235,2002-11-06 23:21:40.810,LáH
99,24,1236,2002-11-06 23:21:02.170,HÞ
100,26,270,2002-11-15 22:40:46.910,BJP
101,26,479,2002-11-15 22:28:11.207,JT
102,26,621,2002-11-15 22:28:45.330,JÁ
103,26,1204,2002-11-15 22:31:09.550,ÞM
104,29,270,2003-01-02 19:27:41.107,BJP
105,34,54,2003-04-25 09:46:42.560,EG
106,34,141,2003-04-25 11:22:17.577,SB
107,34,143,2003-04-25 11:28:02.077,MP
108,34,185,2003-04-23 14:54:48.797,PBJ
109,34,258,2003-04-23 14:57:09.577,ESV
110,34,270,2003-04-25 09:01:43.327,BJP
111,34,275,2003-04-23 16:09:27.513,SEg
112,34,316,2003-04-25 11:22:44.407,SE
113,34,321,2003-04-29 01:44:16.560,HR
114,34,328,2003-04-23 14:59:50.623,JHV
115,34,439,2003-04-23 16:10:58.357,MJ
116,34,469,2003-04-25 11:27:13.513,HÍ
117,34,563,2003-04-25 09:45:08.810,UÁA
118,34,588,2003-04-25 09:46:13.920,BJ
119,34,648,2003-04-25 11:34:54.640,HÁ
120,34,789,2003-04-23 16:10:01.060,EGu
121,34,790,2003-04-29 01:31:30.123,ÍS
122,34,846,2003-04-25 11:26:17.450,SK
123,34,907,2003-04-25 11:21:40.903,ÞÓ
124,34,1023,2003-04-25 11:21:23.983,VÞH
125,34,1026,2003-04-23 14:55:17.453,MA
126,34,1027,2003-04-25 11:23:06.140,SR
127,34,1153,2003-04-25 11:21:56.047,GSH
128,34,1242,2003-04-29 01:30:28.217,HEE
129,34,1369,2003-04-23 16:12:18.687,KRR
130,34,1399,2003-04-29 09:08:51.797,DV
131,34,1412,2003-04-23 16:08:57.170,SJ
132,34,1414,2003-04-23 14:59:22.077,IPG
133,34,1415,2003-04-23 15:06:39.043,HG
134,34,1419,2003-04-25 00:08:01.153,ESS
135,34,1424,2003-04-25 12:16:58.513,ÞJ
136,34,1431,2003-04-29 09:42:08.747,HZ
137,46,1438,2003-10-20 10:35:27.733,JJ
138,68,15,2005-04-20 11:47:03.437,HG
139,68,19,2005-04-20 17:00:38.077,ME
140,68,207,2005-04-20 11:47:48.387,GS
141,68,218,2005-04-20 16:57:04.437,BK
142,68,337,2005-04-20 11:41:52.437,PÓ
143,68,374,2005-04-20 11:44:20.623,HS
144,68,381,2005-04-20 11:46:47.577,GG
145,68,456,2005-04-20 11:42:48.343,KH
146,68,544,2005-04-20 11:46:22.793,HV
147,68,605,2005-04-20 11:47:15.903,HJ
148,68,688,2005-04-20 11:47:29.937,KS
149,68,863,2005-04-20 11:40:48.153,ES
150,68,928,2005-04-20 11:45:50.873,KMV
151,68,945,2005-04-20 19:50:40.090,GSi
152,68,951,2005-04-20 11:42:26.793,KVG
153,68,952,2005-04-20 11:43:02.123,SG
154,68,958,2005-04-20 11:48:48.747,SJ
155,68,961,2005-04-20 11:44:07.793,HKá
156,68,984,2005-04-20 17:55:18.780,SM
157,68,995,2005-04-20 11:48:18.030,SÓJ
158,68,1048,2005-04-20 16:42:10.730,GB
159,68,1085,2005-04-20 11:45:36.450,KG
160,68,1227,2005-04-20 16:54:15.373,AMS
161,68,1256,2005-04-20 16:39:30.700,MSt
162,68,1338,2005-04-20 11:48:04.437,ÞÁ
163,68,1461,2005-04-20 11:44:36.233,IA
164,68,1462,2005-04-20 11:46:10.187,HM
165,68,1560,2005-04-20 11:45:16.450,BB
166,68,1574,2005-04-20 16:56:14.217,OS
167,68,1588,2005-04-20 11:43:33.357,ST
168,68,1816,2005-04-20 16:57:20.233,HK
169,68,1896,2005-04-20 17:07:30.797,SH
170,68,1897,2005-04-20 17:17:37.140,ÞhG
171,68,1898,2005-04-20 17:19:46.403,KWÓ
172,68,1899,2005-04-20 17:17:20.763,SS
173,68,1900,2005-04-20 17:17:02.983,MS
174,68,1901,2005-04-20 17:21:01.263,JSt
175,68,1902,2005-04-20 17:23:20.387,LV
176,68,1903,2005-04-20 17:24:34.780,KJ
177,68,1904,2005-04-20 17:25:29.000,TA
178,68,1905,2005-04-20 17:26:43.357,JS
179,69,630,2005-01-28 19:11:24.150,ÁIG
180,69,889,2005-01-28 19:07:37.603,HM
181,69,894,2005-01-28 19:08:45.247,MRE
182,69,998,2005-01-28 19:10:51.540,KGG
183,69,1452,2005-01-28 19:08:14.150,ÓÞ
184,69,1677,2005-01-28 19:07:49.010,AA
185,84,6,2005-10-01 11:42:01.500,JAH
186,84,16,2005-10-01 11:36:00.233,JÓV
187,84,76,2005-10-01 11:35:47.000,VGV
188,84,212,2005-10-01 11:36:56.560,AHS
189,84,393,2005-10-01 11:35:33.670,HHÍ
190,84,633,2005-10-01 11:44:28.937,PRM
191,84,952,2005-10-01 11:34:44.670,SG
192,84,961,2005-10-01 11:35:10.797,HK
193,84,1437,2005-10-01 11:46:38.653,AE
194,84,1591,2005-10-01 11:43:22.437,LJ
195,84,1611,2005-10-01 11:46:11.857,ÞSS
196,84,1687,2005-10-01 11:38:10.607,BV
197,109,76,2007-04-22 14:20:46.060,VGV
198,109,258,2007-04-22 13:58:57.310,ESV
199,109,785,2007-04-22 14:02:28.593,BSH
200,109,952,2007-04-22 12:23:33.060,SG
201,109,961,2007-04-22 14:01:26.293,HK
202,109,973,2007-04-22 14:05:07.950,LBS
203,109,1026,2007-04-23 11:39:02.857,MA
204,109,1341,2007-04-22 13:56:23.420,BB
205,109,1901,2007-04-22 14:07:31.890,JS
206,109,1914,2007-04-22 14:06:53.263,ÓJJ
207,109,1934,2007-04-22 14:08:33.640,RÁ
208,109,1984,2007-04-22 14:06:23.547,ÓA
209,109,2126,2007-04-22 14:08:58.030,HS
210,109,2139,2007-04-22 14:09:22.810,VV
211,109,2199,2007-04-22 14:02:11.840,IG
212,109,2284,2007-04-22 14:15:32.687,HV
213,109,2285,2007-04-22 14:17:55.327,KV
214,109,2286,2007-04-22 14:19:13.200,ERE
215,109,2287,2007-04-22 14:20:15.390,VA
216,109,2288,2007-04-22 14:21:52.937,FF
217,115,41,2007-11-09 00:13:51.530,ÁHG
218,115,149,2007-11-09 00:12:04.170,GS
219,115,637,2007-11-09 00:14:42.123,BB
220,115,1232,2007-11-09 00:14:16.233,BR
221,121,952,2008-04-21 18:01:31.373,SG
222,121,1437,2008-04-21 18:04:00.577,AE
223,121,1569,2008-04-21 18:05:00.030,UH
224,121,1934,2008-04-21 18:05:28.513,RÁ
225,121,1983,2008-04-21 18:04:48.500,ÓJJ
226,121,2126,2008-04-21 18:05:17.090,HS
227,121,2139,2008-04-21 18:03:29.590,VV
228,121,2140,2008-04-21 18:03:47.437,OÞJ
229,121,2284,2008-04-21 18:05:40.293,HV
230,121,2285,2008-04-21 18:06:00.060,KV
231,121,2323,2008-04-21 18:03:15.013,MT
232,121,2326,2008-04-21 18:02:37.327,IHG
233,152,296,2009-09-07 14:48:08.890,ÖF
234,152,2297,2009-10-02 14:26:27.297,
235,156,16,2009-09-30 19:42:10.467,JÓV
236,156,212,2009-10-29 12:14:08.700,AHS
237,156,335,2009-09-30 20:18:26.467,HS
238,156,376,2009-09-30 20:18:15.360,ÁSG
239,156,395,2010-02-25 15:19:52.077,KSI
240,156,398,2009-09-30 20:13:44.343,AB
241,156,511,2009-10-18 17:39:54.873,AMR
242,156,524,2009-09-30 20:12:46.420,LH
243,156,528,2009-10-16 18:32:12.827,MBG
244,156,564,2009-10-29 13:20:03.217,ÓH
245,156,593,2009-10-18 17:33:38.560,MÞ
246,156,596,2009-09-30 20:19:30.500,UJ
247,156,692,2009-09-30 20:19:44.013,SF
248,156,842,2010-02-25 15:35:43.390,HÓ
249,156,889,2010-02-25 15:33:45.513,HM
250,156,948,2010-01-06 14:57:13.780,BB
251,156,951,2010-03-29 23:11:41.217,KVG
252,156,952,2009-09-30 19:41:56.983,SMG
253,156,958,2009-09-30 20:12:58.530,SJ
254,156,997,2009-09-30 20:14:59.373,KGG
255,156,1000,2010-02-25 15:29:09.607,BR
256,156,1023,2009-10-27 14:09:47.077,VÞH
257,156,1068,2010-02-25 15:19:28.450,SP
258,156,1196,2009-09-30 20:14:46.327,JÍ
259,156,1252,2009-09-30 20:16:35.373,LMH
260,156,1369,2010-01-08 11:51:41.763,KRR
261,156,1449,2010-02-25 15:28:38.077,SÖG
262,156,1556,2009-10-18 17:39:37.890,VG
263,156,1578,2010-04-08 01:01:25.467,AS
264,156,1584,2009-10-27 14:09:00.780,RKH
265,156,1590,2009-10-02 13:35:31.640,GM
266,156,1595,2010-01-08 11:52:03.200,HH
267,156,1663,2010-04-08 01:03:23.950,ABB
268,156,1816,2009-10-18 17:31:18.093,HK
269,156,1901,2009-09-30 20:17:13.327,JS
270,156,1934,2009-09-30 20:12:35.873,RÁ
271,156,1983,2009-09-30 20:12:22.390,ÓJJ
272,156,1984,2009-09-30 20:18:53.077,ÓA
273,156,2078,2009-10-18 17:40:07.107,GSV
274,156,2126,2010-01-06 14:57:26.360,HSIG
275,156,2139,2009-10-07 23:41:11.640,VV
276,156,2321,2010-02-25 15:49:51.497,GKR
277,156,2328,2009-09-30 20:14:24.670,KTB
278,156,2329,2010-04-08 01:02:28.403,MIK
279,156,2340,2009-09-30 20:20:02.373,BP
280,156,2491,2009-10-18 17:32:43.717,UMH
281,156,2503,2009-09-30 20:13:34.327,IHG
282,156,2505,2009-09-30 20:13:17.420,OÞJ
283,156,2739,2009-09-30 20:13:58.217,SV
284,156,2828,2010-04-08 01:01:50.560,IVO
285,156,2877,2009-10-16 18:34:57.420,MH
286,156,2882,2009-10-25 18:26:26.013,n.n.
287,156,2883,2009-10-27 14:06:17.560,JKH
288,157,16,2010-03-03 15:01:33.217,JÓV
289,157,212,2009-11-26 14:22:39.373,AHS
290,157,335,2009-11-26 14:21:37.187,HS
291,157,524,2010-03-03 16:44:20.590,LH
292,157,630,2009-11-26 14:23:05.937,ÁIG
293,157,952,2009-11-26 14:26:48.623,SMG
294,157,958,2009-11-26 14:21:57.327,SJ
295,157,998,2010-03-03 16:44:40.403,KGG
296,157,1252,2009-11-26 14:22:27.420,LMH
297,157,1559,2009-11-26 14:58:09.577,MR
298,157,1928,2009-11-26 14:22:53.780,VA
299,157,1934,2010-03-03 15:01:13.343,RÁ
300,157,1983,2010-03-03 15:00:49.793,ÓJJ
301,157,2139,2009-11-26 14:26:29.420,VV
302,157,2479,2009-11-26 14:25:11.170,SZ
303,157,2882,2009-11-26 14:27:51.390,UMSJ
304,162,21,2010-02-27 08:02:34.903,ÓÞG
305,162,204,2010-02-27 08:02:09.890,HE
306,162,539,2010-02-27 08:54:55.560,ÓG
307,162,802,2010-02-27 08:01:56.310,SGu
308,162,807,2010-02-27 08:00:50.030,ÓHK
309,162,810,2010-02-27 08:01:29.577,ÞH
310,162,1468,2010-02-27 08:01:44.560,SiG
311,162,1508,2010-02-27 08:00:32.340,HJ
312,162,2466,2010-02-27 08:01:14.450,ÓÞ
313,162,3038,2010-02-27 08:57:15.110,MD
314,165,54,2010-05-05 11:18:24.483,EG
315,165,270,2010-05-05 11:27:28.187,BJP
316,165,948,2010-05-05 11:14:25.373,BB
317,165,1934,2010-05-05 11:16:25.187,RÁ
318,165,1972,2010-05-05 11:17:10.577,ÁG
319,165,1983,2010-05-11 11:54:26.607,ÓJJ
320,165,2139,2010-05-05 11:22:39.467,VV
321,165,2264,2010-05-05 11:21:07.577,HMÓ
322,165,2312,2010-05-05 11:16:45.640,FRS
323,165,2484,2010-05-05 11:17:56.700,KSÞ
324,165,2487,2010-05-05 11:14:46.780,VAPO
325,165,2488,2010-05-05 11:23:21.543,SHB
326,165,2489,2010-05-05 11:15:41.217,BIRT
327,165,2494,2010-05-05 11:21:48.873,HJE
328,165,2505,2010-05-05 11:13:54.047,OÞJ
329,165,2676,2010-05-05 11:27:49.343,AAJ
330,165,3185,2010-05-05 11:20:42.950,HPM
331,165,3186,2010-05-05 11:25:52.153,HKG
332,173,16,2010-10-04 13:58:33.060,JÓV
333,173,174,2011-03-23 14:30:50.233,ÞH
334,173,177,2010-10-28 13:34:45.967,VH
335,173,212,2010-10-04 14:02:54.780,AHS
336,173,293,2010-10-27 13:41:20.170,AR
337,173,335,2011-01-17 16:05:32.373,HRST
338,173,354,2010-10-04 14:08:35.450,ABP
339,173,376,2010-10-04 14:03:20.983,ASG
340,173,395,2010-10-04 14:02:43.983,KS
341,173,398,2010-10-04 13:59:06.233,AB
342,173,487,2010-10-04 13:59:26.810,GM
343,173,511,2010-10-04 14:03:07.123,AMR
344,173,524,2010-10-04 13:58:48.780,LH
345,173,564,2010-10-04 14:01:10.437,ÓHS
346,173,569,2011-03-23 14:35:29.717,BRE
347,173,593,2010-10-04 14:00:50.763,MÞ
348,173,596,2010-10-04 14:06:38.873,UJ
349,173,692,2010-10-04 14:06:20.390,SF
350,173,842,2010-10-04 14:07:35.373,HÓ
351,173,952,2010-10-04 14:02:03.437,SMG
352,173,958,2010-10-04 14:01:53.687,SJ
353,173,997,2010-10-04 14:00:37.187,KGG
354,173,1000,2010-10-04 14:07:57.827,BR
355,173,1007,2010-10-04 14:07:47.780,SÖG
356,173,1024,2010-10-04 14:07:07.420,VÞH
357,173,1068,2010-10-27 13:45:41.577,SP
358,173,1069,2011-03-23 14:34:18.310,LBS
359,173,1101,2010-10-04 14:02:13.060,SV
360,173,1196,2010-10-04 14:00:09.403,JÍ
361,173,1252,2010-10-04 14:05:20.717,LMH
362,173,1369,2010-10-04 14:02:34.577,KRR
363,173,1399,2011-03-23 14:36:15.793,DV
364,173,1482,2010-10-04 14:08:25.450,HG
365,173,1556,2010-10-04 14:06:50.793,VG
366,173,1583,2010-10-04 14:06:07.513,RKH
367,173,1595,2010-10-04 14:07:20.123,HH
368,173,1683,2010-10-27 13:43:15.997,HGR
369,173,1684,2010-10-27 13:46:29.263,ÞK
370,173,1752,2011-03-23 14:33:10.560,RKO
371,173,1816,2010-10-04 13:59:52.373,HK
372,173,1901,2010-10-04 14:00:22.420,JS
373,173,1934,2010-10-04 14:01:41.297,RÁ
374,173,1964,2011-03-23 14:56:18.700,Alli
375,173,1983,2010-10-04 14:01:26.607,ÓJJ
376,173,1984,2010-10-04 14:05:36.513,ÓA
377,173,2078,2010-10-04 14:03:34.110,GS
378,173,2127,2010-10-07 10:46:03.467,HS
379,173,2139,2010-10-04 14:02:23.047,VV
380,173,2181,2011-03-23 14:37:17.013,KJE
381,173,2199,2011-03-23 14:33:45.140,IG
382,173,2287,2011-03-23 14:32:27.250,VAPO
383,173,2308,2011-03-23 14:30:12.420,BB
384,173,2321,2010-10-04 14:08:08.763,GKE
385,173,2326,2010-10-04 14:03:46.920,IHG
386,173,2328,2010-10-04 14:04:13.403,KTB
387,173,2340,2010-10-04 13:59:15.140,BP
388,173,2431,2010-10-27 13:44:47.107,SJH
389,173,2444,2010-12-15 10:48:18.827,SÁA
390,173,2488,2011-03-23 14:30:32.623,SHB
391,173,2494,2011-02-14 14:52:10.623,HEIR
392,173,2502,2011-02-14 14:51:37.593,GSS
393,173,2505,2010-10-04 14:04:44.140,OÞJ
394,173,2730,2010-10-27 13:40:57.110,AG
395,173,2732,2010-10-27 13:42:26.013,GBG
396,173,2832,2010-10-27 13:43:52.903,KME
397,173,2877,2010-10-04 14:04:33.107,MH
398,173,2883,2010-10-04 14:03:59.233,JKH
399,173,2885,2011-03-23 14:39:07.810,BSH
400,173,3373,2011-03-30 15:42:13.733,MM
401,184,398,2010-11-03 13:55:38.280,AB
402,184,524,2010-11-03 13:54:45.110,LH
403,184,952,2010-11-03 13:54:25.640,SMG
404,184,998,2010-11-03 13:55:23.357,KGG
405,184,3040,2010-11-03 13:55:04.670,JÓV
406,185,366,2011-02-09 14:09:54.653,SV
407,185,398,2011-03-10 11:29:26.357,AB
408,185,524,2011-03-10 11:32:29.543,LH
409,185,952,2011-03-10 11:28:33.217,SMG
410,185,958,2011-03-10 11:30:56.483,SJ
411,185,997,2011-03-10 11:32:01.000,KGG
412,185,1023,2011-02-09 14:10:13.000,VHLÖ
413,185,1179,2011-02-09 14:16:46.560,ÁHLÖ
414,185,1218,2011-02-09 14:11:01.890,HIG
415,185,1584,2011-02-09 14:11:22.793,RHLÖ
416,185,1911,2011-02-09 14:08:41.343,ERE
417,185,1934,2011-02-09 14:11:45.983,RÁ
418,185,1983,2011-03-10 11:29:48.153,ÓJJ
419,185,2126,2011-02-09 14:12:06.593,HIS
420,185,2139,2011-03-10 11:30:16.780,VV
421,185,2502,2011-02-09 14:10:38.593,GSS
422,185,2505,2011-02-09 14:09:38.450,OÞJ
423,185,3040,2011-03-10 11:29:00.967,JÓV
424,185,3284,2011-02-09 14:14:31.700,ALSG
425,185,3285,2011-02-09 14:15:56.903,LJT
426,189,16,2011-05-01 20:18:45.500,JÓV
427,189,103,2011-05-01 20:28:21.733,KENT
428,189,137,2011-05-01 20:22:52.437,BIRK
429,189,177,2011-05-01 20:27:51.140,VHAF
430,189,272,2011-05-01 20:26:30.950,SKÚL
431,189,392,2011-05-01 20:19:32.310,STTÓ
432,189,393,2011-05-01 20:20:35.247,HARA
433,189,428,2011-05-01 20:16:50.700,FSIG
434,189,621,2011-05-01 20:19:04.670,JÁRN
435,189,633,2011-05-01 20:26:59.890,PRÓB
436,189,842,2011-05-02 15:13:29.327,HÓ
437,189,961,2011-05-01 20:15:59.717,DÓRI
438,189,1048,2011-05-01 20:29:09.640,GBJ
439,189,1196,2011-05-01 20:24:24.077,JASÚ
440,189,1225,2011-05-01 20:28:44.763,HÖB
441,189,1425,2011-05-01 20:21:07.450,GPG
442,189,1803,2011-05-01 20:21:24.950,SVEN
443,189,2127,2011-05-01 20:16:23.250,HSIG
444,189,2156,2011-05-01 20:25:46.983,ÍRIS
445,189,2321,2011-05-01 20:25:16.077,GKEI
446,189,2338,2011-05-01 20:18:23.250,FRS
447,189,2369,2011-05-01 20:23:18.013,HJÖK
448,189,2487,2011-05-01 20:18:01.687,VAPO
449,189,2489,2011-05-01 20:17:27.967,BBJE
450,189,3240,2011-05-01 20:23:41.077,SING
451,189,3459,2011-05-01 20:47:19.653,STEN
452,191,177,2011-09-28 16:49:36.327,VH
453,191,212,2011-10-03 15:34:26.827,AHS
454,191,342,2011-10-27 11:32:22.960,KPE
455,191,366,2011-09-25 22:41:01.497,SV
456,191,395,2011-12-05 10:26:11.137,KSI
457,191,398,2011-10-03 15:34:01.780,AB
458,191,487,2011-09-28 09:39:44.903,GM
459,191,506,2011-10-27 11:33:01.130,EIKI
460,191,511,2011-10-24 15:02:14.003,AMR
461,191,524,2011-09-25 22:39:26.937,LH
462,191,593,2011-09-25 22:43:08.547,MÞ
463,191,612,2012-03-22 14:27:22.390,ZDEM
464,191,621,2011-09-25 22:39:03.030,JÁ
465,191,842,2011-10-24 15:12:31.767,HÓ
466,191,952,2011-09-25 21:44:53.840,SMG
467,191,958,2011-09-25 21:49:24.530,SJ
468,191,997,2011-09-25 21:50:14.450,KGG
469,191,1196,2011-09-25 22:39:48.670,JÍ
470,191,1252,2011-09-28 16:36:09.967,LMH
471,191,1482,2011-09-25 22:42:20.763,HG
472,191,1556,2011-09-25 22:41:59.200,VG
473,191,1595,2011-09-25 22:43:53.077,HH
474,191,1606,2011-12-09 13:09:11.667,FRBJ
475,191,1816,2011-09-25 22:42:45.547,HK
476,191,1831,2011-09-28 16:48:40.437,GHIN
477,191,1901,2011-10-03 15:33:41.640,JS
478,191,1934,2011-09-28 16:36:38.013,RÁ
479,191,1983,2011-09-25 21:46:20.013,ÓliJ
480,191,1984,2012-02-01 11:41:46.357,ÓA
481,191,2078,2011-09-25 22:41:35.873,GS
482,191,2126,2011-09-28 16:43:13.030,HSIG
483,191,2139,2011-09-25 22:43:30.327,VV
484,191,2326,2011-09-25 22:40:35.687,INGÓ
485,191,2328,2012-03-22 14:27:32.970,KTB
486,191,2444,2011-09-25 22:37:49.653,SÁA
487,191,2466,2011-10-24 15:08:59.783,ÓÞ
488,191,2494,2011-10-27 11:31:52.990,HE
489,191,2498,2012-03-22 14:27:48.877,ALEX
490,191,2505,2011-09-25 22:40:13.623,Orri
491,191,2744,2011-10-24 15:01:51.300,SÞA
492,191,2809,2011-10-27 11:30:41.240,JÓEI
493,191,2882,2012-03-22 14:54:57.720,NN
494,191,3040,2011-09-25 21:45:19.280,JÓV
495,191,3373,2011-09-28 09:39:20.890,MM
496,192,16,2011-09-15 17:21:19.420,Jóli
497,192,398,2011-09-16 01:04:04.233,AB
498,192,952,2011-09-15 17:20:06.793,SÆSI
499,192,961,2011-09-15 17:20:23.840,Dóri
500,192,1393,2011-09-16 01:04:53.903,SÞ
501,192,1901,2011-09-15 17:20:47.577,JóiS
502,192,1984,2011-09-15 17:21:51.140,ÓliA
503,192,2156,2011-09-16 01:09:18.763,Íris
504,192,2493,2011-09-15 17:22:18.263,FJÓL
505,192,3182,2011-09-16 01:03:22.733,SÆSA
506,192,3240,2011-09-15 17:22:47.577,SING
507,192,3491,2011-09-16 01:08:48.483,VLA
508,194,335,2011-12-08 20:13:42.197,
509,194,3581,2011-12-08 20:12:10.947,
510,194,3582,2011-12-08 20:13:01.807,
511,194,3584,2011-12-08 20:14:02.573,
512,194,3585,2011-12-08 20:14:53.290,
513,194,3586,2011-12-08 20:16:17.887,
514,194,3587,2011-12-08 20:15:56.777,
515,194,3588,2011-12-08 20:14:27.700,
516,194,3589,2011-12-08 20:15:43.963,
517,194,3590,2011-12-08 20:11:44.290,
518,194,3591,2011-12-08 20:15:23.917,
519,199,54,2012-04-21 22:26:46.690,EMIL
520,199,428,2012-04-21 22:28:20.333,FRSI
521,199,479,2012-04-21 22:26:23.410,JT
522,199,1024,2012-04-21 22:27:10.490,VÞH
523,199,1026,2012-04-21 22:27:41.787,MAPO
524,199,2284,2012-04-21 22:39:01.350,HVAL
525,199,2285,2012-04-21 22:37:57.800,KVAL
526,199,2326,2012-04-21 22:41:50.723,INGO
527,199,2489,2012-04-21 22:39:36.457,BBJÖ
528,199,2494,2012-04-21 22:40:12.193,HJÖR
529,199,2504,2012-04-21 22:40:41.940,KOLB
530,199,2505,2012-04-21 22:41:10.253,Orri
531,199,2874,2012-04-21 22:36:12.020,ALDA
532,199,2967,2012-04-21 22:33:34.503,GPH
533,199,2982,2012-04-21 22:33:05.927,BRV
534,199,3186,2012-04-21 22:29:07.207,HKG
535,199,3822,2012-04-21 22:25:11.380,TRÖL
536,199,3823,2012-04-21 22:32:05.850,SVA
537,199,3824,2012-04-21 22:35:03.130,HÓLM
538,202,359,2012-02-08 18:52:09.377,KSIG
539,202,381,2012-02-08 18:51:50.237,GG
540,202,395,2011-10-20 17:34:24.937,KS
541,202,428,2011-10-20 17:37:31.950,FS
542,202,524,2012-03-15 16:53:28.720,LH
543,202,593,2012-02-08 18:52:57.720,MÞ
544,202,612,2011-10-20 17:36:19.153,ZD
545,202,952,2012-02-08 18:50:36.110,SMG
546,202,958,2011-10-20 17:33:55.717,SJ
547,202,998,2011-10-20 18:09:18.860,KGG
548,202,1242,2012-02-08 18:54:16.063,Elma
549,202,1816,2012-02-08 18:52:32.860,HK
550,202,1934,2011-10-20 18:02:24.967,RÁ
551,202,1983,2011-10-20 17:31:55.623,ÓJJ
552,202,2068,2012-02-08 18:51:28.360,ÓDJ
553,202,2074,2012-02-08 18:50:56.783,ÁKr
554,202,2140,2011-10-20 17:32:05.687,OÞJ
555,202,2199,2011-10-20 17:36:49.843,IG
556,202,2503,2011-10-20 17:32:41.450,IHG
557,202,2757,2012-02-08 18:55:05.360,JÓH
558,202,3040,2012-03-15 16:53:50.720,JÓV
559,202,3567,2012-02-08 18:53:45.203,ÞÞ
560,210,16,2011-10-24 18:21:33.487,JÓV
561,210,524,2011-10-24 18:22:02.597,LH
562,210,952,2011-10-24 18:21:10.470,SMG
563,215,16,2012-09-13 13:12:17.797,JÓV
564,215,177,2012-09-13 13:26:59.437,VH
565,215,293,2012-10-04 18:23:49.010,AR
566,215,342,2013-01-18 13:07:40.713,KPE
567,215,354,2012-10-09 16:38:30.780,ÁBP
568,215,376,2012-09-13 13:27:33.343,ÁSG
569,215,383,2012-09-13 13:15:58.907,IRH
570,215,398,2012-09-13 13:16:13.953,AB
571,215,428,2013-02-06 14:00:24.173,FS
572,215,511,2012-09-13 13:23:55.750,AMR
573,215,524,2012-09-13 13:12:25.813,LH
574,215,593,2012-09-13 13:13:32.063,MÞ
575,215,621,2012-09-13 13:15:50.000,JÁ
576,215,842,2012-11-04 11:11:57.460,HÓ
577,215,919,2013-02-15 15:58:21.680,GG
578,215,952,2012-09-13 13:12:07.470,SMG
579,215,997,2012-09-13 13:12:37.297,KGG
580,215,1000,2012-09-19 11:39:29.353,BR
581,215,1068,2012-10-04 18:26:55.757,SP
582,215,1196,2012-09-13 13:14:14.000,JÍ
583,215,1219,2012-09-13 13:26:03.593,ÁV
584,215,1252,2012-09-13 13:17:45.093,LMH
585,215,1449,2012-09-19 11:39:21.070,SÖG
586,215,1482,2012-09-13 13:25:12.737,HG
587,215,1504,2012-09-21 10:34:12.163,ÞÓJ
588,215,1556,2012-09-13 13:23:36.517,VG
589,215,1590,2012-09-13 13:13:02.843,GM
590,215,1595,2012-09-13 13:13:23.783,HH
591,215,1606,2013-02-15 10:56:53.830,FB
592,215,1684,2012-10-04 18:26:19.587,ÞK
593,215,1816,2013-01-03 15:56:00.457,HK
594,215,1838,2012-09-13 13:26:38.190,GHIN
595,215,1884,2012-09-21 10:33:47.617,SJJ
596,215,1901,2012-10-24 16:06:10.717,JS
597,215,1934,2012-09-13 13:14:33.920,RÁ
598,215,1983,2012-09-13 13:12:53.983,ÓJJ
599,215,2074,2012-09-13 13:13:43.750,ÁK
600,215,2078,2012-09-13 13:23:05.080,GS
601,215,2125,2012-10-24 09:27:58.403,SVF
602,215,2139,2012-09-13 13:13:13.877,VV
603,215,2140,2013-03-01 17:53:45.477,
604,215,2431,2012-10-04 18:28:37.350,SJH
605,215,2444,2012-09-13 13:24:43.313,SÁA
606,215,2502,2012-09-13 13:24:23.983,GSS
607,215,2730,2012-10-04 18:25:30.010,AG
608,215,2744,2012-09-19 11:39:59.413,SÞA
609,215,2832,2012-10-04 18:28:06.523,KME
610,215,2870,2012-10-04 18:27:44.883,JKH
611,215,3221,2012-09-13 13:28:19.830,ÓÞ
612,215,3583,2012-10-22 12:30:24.063,HS
613,215,3876,2012-10-23 13:35:31.987,SSM
614,215,3978,2013-02-06 14:05:18.820,ÞG
615,222,524,2012-10-19 11:39:01.220,LEIF
616,222,621,2013-03-25 14:11:02.063,JÁ
617,222,912,2012-10-19 11:38:42.783,APOS
618,222,952,2013-03-20 20:00:02.823,SMG
619,222,998,2013-03-25 14:09:20.803,KGG
620,222,1196,2012-10-19 11:38:53.063,JASO
621,222,1252,2012-10-19 11:38:33.160,LMH
622,222,1934,2012-10-19 11:38:11.813,RÁRN
623,222,1983,2012-10-19 11:38:20.610,ÓLIJ
624,222,2139,2013-03-25 14:09:37.267,VV
625,222,3040,2013-03-25 14:08:52.480,JÓV
626,227,15,2013-03-21 10:48:18.840,
627,227,411,2013-03-21 10:48:00.950,
628,230,54,2013-04-23 10:47:42.957,EMIL
629,230,60,2013-04-23 10:21:17.673,Alla
630,230,78,2013-04-27 10:23:45.863,HG
631,230,174,2013-04-23 10:24:16.313,ÞH
632,230,258,2013-04-23 10:23:41.177,ESV
633,230,270,2013-04-23 10:22:21.663,BJP
634,230,376,2013-04-23 10:25:31.400,ASG
635,230,383,2013-04-27 10:09:49.113,IRH
636,230,395,2013-04-28 09:57:59.163,KS
637,230,428,2013-04-22 23:11:04.410,FS
638,230,479,2013-04-26 14:10:46.627,JT
639,230,569,2013-04-23 10:25:11.657,BRE
640,230,785,2013-04-23 15:28:53.610,BSH
641,230,961,2013-04-22 23:38:28.867,DORI
642,230,973,2013-04-23 10:48:10.290,LBS
643,230,1026,2013-04-22 23:05:15.997,MA
644,230,1400,2013-04-23 15:29:23.920,AS
645,230,1437,2013-04-28 09:58:36.697,AE
646,230,1514,2013-04-23 10:56:32.163,HrT
647,230,1577,2013-04-23 10:22:02.767,ESig
648,230,1580,2013-04-22 23:10:54.167,KBG
649,230,1583,2013-04-22 23:10:09.167,RKH
650,230,1585,2013-04-23 10:23:14.227,EHH
651,230,1648,2013-04-23 10:23:27.247,HHJ
652,230,1715,2013-04-27 10:06:44.473,HÓ
653,230,1751,2013-04-26 14:31:21.030,MG
654,230,1752,2013-04-23 10:22:58.727,RKO
655,230,1754,2013-04-24 20:04:48.117,ÁVS
656,230,1818,2013-04-23 10:24:00.620,GLH
657,230,1934,2013-04-22 23:07:59.473,RÁ
658,230,1936,2013-04-23 10:22:41.867,ILB
659,230,1939,2013-04-23 10:24:43.700,BRS
660,230,1982,2013-04-23 15:28:15.220,SÁK
661,230,1983,2013-04-23 14:20:31.433,ÓJJ
662,230,2046,2013-04-26 14:31:55.470,AB
663,230,2108,2013-04-27 15:10:09.587,ÞB
664,230,2109,2013-04-26 14:28:06.413,GS
665,230,2139,2013-04-22 23:05:05.130,VV
666,230,2204,2013-04-23 10:21:43.740,SJ
667,230,2284,2013-04-22 23:06:39.920,HV
668,230,2285,2013-04-22 23:06:52.797,KV
669,230,2320,2013-04-22 23:06:00.357,ÁstG
670,230,2328,2013-04-23 14:18:52.070,KTB
671,230,2443,2013-04-27 23:46:33.380,DG
672,230,2494,2013-04-22 23:09:01.910,HE
673,230,2503,2013-04-22 23:05:36.170,IHG
674,230,2505,2013-04-22 23:04:44.030,OÞJ
675,230,3051,2013-04-27 23:47:07.490,JÓB
676,230,3105,2013-04-26 14:29:25.373,CBS
677,230,3108,2013-04-26 14:32:30.410,HG
678,230,3115,2013-04-26 14:33:36.690,HB
679,230,3116,2013-04-26 14:33:07.703,ÍHP
680,230,3117,2013-04-23 10:24:29.427,THN
681,230,3123,2013-04-26 14:44:26.260,KP
682,230,3213,2013-04-22 23:07:15.570,BGJ
683,230,3266,2013-04-26 14:30:19.127,HMA
684,230,3385,2013-04-27 10:10:54.677,KS
685,230,3436,2013-04-23 10:24:55.083,Frid
686,230,3492,2013-04-22 23:09:29.287,KRIS
687,230,3657,2013-04-23 10:37:52.120,VIV
688,230,3824,2013-04-22 23:07:39.710,HÁ
689,230,3978,2013-04-27 10:12:16.547,ÞG
690,230,4050,2013-04-22 23:22:21.503,EvaS
691,230,4146,2013-04-23 10:50:01.167,TÓÞ
692,230,4150,2013-04-26 14:20:27.400,ÁMH
693,230,4154,2013-04-27 10:21:56.520,GRG
694,230,4155,2013-04-27 11:35:08.620,HMF
695,230,4156,2013-04-27 11:58:28.073,AM
696,230,4157,2013-04-27 14:13:22.070,HVL
697,230,4159,2013-04-28 10:04:12.770,SGÞ
698,232,342,2013-09-11 15:22:22.857,KPE
699,232,345,2013-09-11 15:16:59.757,HAK
700,232,354,2013-09-11 15:21:59.153,ÁBP
701,232,376,2013-10-04 14:58:34.200,ÁSG
702,232,381,2013-09-11 15:16:30.887,GG
703,232,384,2014-01-24 13:19:00.367,HBR
704,232,398,2013-09-11 15:21:35.667,AB
705,232,511,2014-01-23 14:54:46.933,AMR
706,232,524,2013-09-11 15:11:43.203,LH
707,232,593,2013-09-11 15:16:43.070,MÞ
708,232,621,2013-09-11 15:16:13.033,JÁ
709,232,952,2013-09-11 15:11:10.713,SMG
710,232,958,2013-10-04 14:59:03.550,SJ
711,232,997,2013-09-11 15:12:29.803,KGG
712,232,1068,2013-10-18 11:14:21.453,SP
713,232,1196,2013-09-11 15:18:29.547,JÍ
714,232,1252,2013-09-11 15:14:49.150,LMH
715,232,1291,2014-01-23 14:55:06.790,EV
716,232,1482,2013-09-11 15:18:55.687,HG
717,232,1556,2013-09-11 15:19:15.927,VG
718,232,1595,2013-09-11 15:18:15.213,HH
719,232,1733,2013-09-11 15:19:32.160,ÁSV
720,232,1831,2013-09-11 15:19:50.130,GHIN
721,232,1934,2013-09-11 15:13:56.157,RÁ
722,232,1983,2013-09-11 15:13:38.030,ÓJJ
723,232,2078,2013-09-11 15:15:07.857,GS
724,232,2125,2013-09-11 15:20:19.713,SVF
725,232,2139,2013-09-11 15:15:39.087,VV
726,232,2431,2013-09-11 15:20:39.707,SJH
727,232,2444,2013-09-11 15:11:26.070,SÁA
728,232,2730,2013-10-04 14:37:15.677,AG
729,232,2832,2013-10-01 15:00:25.473,KME
730,232,2973,2013-09-11 15:17:43.487,000
731,232,3040,2013-09-11 15:12:04.110,JÓV
732,232,3048,2014-03-23 16:07:04.263,SLS
733,232,3250,2013-12-03 09:48:12.837,ÓÞ
734,232,3876,2014-01-23 14:55:36.010,SSM
735,232,3978,2013-09-11 15:21:14.640,ÞGG
736,233,16,2013-11-18 17:19:19.490,JÓV
737,233,524,2013-11-18 17:17:23.377,LH
738,233,593,2014-03-13 16:37:30.647,MÞ
739,233,612,2013-11-18 17:19:56.553,ZD
740,233,621,2013-11-18 17:17:36.120,JÁ
741,233,952,2013-11-18 17:16:42.670,SMG
742,233,998,2014-03-13 16:37:02.157,KGG
743,233,1252,2013-11-18 17:18:35.927,LMH
744,233,1934,2014-03-13 16:38:15.837,RÁ
745,233,1983,2013-11-18 17:17:07.740,ÓJJ
746,233,2139,2013-11-18 17:19:01.360,VV
747,233,2444,2013-11-18 17:19:36.777,SÁA
748,234,16,2013-09-11 13:19:44.260,JÓV
749,234,621,2013-09-11 13:25:20.287,JÁ
750,234,952,2013-09-11 13:19:27.267,SMG
751,234,998,2013-09-11 13:20:11.923,KGG
752,234,1934,2013-09-11 13:25:10.493,RÁ
753,234,1983,2013-09-11 13:20:22.697,ÓJJ
754,234,2444,2013-09-11 13:24:46.237,SÁA
755,249,15,2014-04-22 20:17:12.573,HG
756,249,130,2014-04-25 22:07:02.157,KSig
757,249,170,2014-04-25 21:42:31.733,SJÓ
758,249,218,2014-04-25 21:46:29.960,BK
759,249,353,2014-04-25 21:47:12.940,KGP
760,249,359,2014-04-22 20:43:30.220,KS
761,249,384,2014-04-22 20:32:47.650,HBr
762,249,404,2014-04-22 20:13:52.787,DBH
763,249,416,2014-04-22 20:49:08.480,FM
764,249,466,2014-04-28 12:41:08.127,LS
765,249,531,2014-04-25 21:45:30.017,ÓT
766,249,539,2014-04-25 21:44:39.383,ÓG
767,249,593,2014-04-22 20:59:13.707,MÞ
768,249,609,2014-04-25 22:13:00.993,HM
769,249,786,2014-04-25 20:04:56.883,JKK
770,249,863,2014-04-22 20:16:38.650,ES
771,249,905,2014-04-22 20:22:48.827,HV
772,249,916,2014-04-25 20:09:11.557,MP
773,249,919,2014-04-22 20:21:04.227,GG
774,249,929,2014-04-22 20:26:15.690,KMV
775,249,951,2014-04-22 20:54:46.927,KVG
776,249,952,2014-04-22 20:42:45.683,SMG
777,249,960,2014-04-22 20:16:16.780,HBH
778,249,961,2014-04-29 09:41:54.800,HIK
779,249,995,2014-04-22 20:28:32.993,SÓJ
780,249,1048,2014-04-22 20:20:17.187,GBj
781,249,1127,2014-04-22 20:31:37.490,VFH
782,249,1133,2014-04-25 19:15:41.903,SH
783,249,1244,2014-04-25 21:43:27.543,IA
784,249,1338,2014-04-22 20:17:42.440,ÞVA
785,249,1560,2014-04-22 21:05:43.107,BB
786,249,1628,2014-04-22 20:40:44.537,AIÞ
787,249,1816,2014-04-22 20:38:04.817,HK
788,249,2068,2014-04-25 22:08:10.090,ÓDJ
789,249,2069,2014-04-25 22:09:01.123,SJG
790,249,2070,2014-04-22 20:50:48.940,ÓJÁ
791,249,2074,2014-04-25 22:12:15.433,ÁK
792,249,2130,2014-04-25 20:08:47.130,AMJ
793,249,2364,2014-04-25 19:52:27.790,VB
794,249,2378,2014-04-25 19:59:09.023,GSG
795,249,2448,2014-04-22 20:32:11.730,VT
796,249,2480,2014-04-22 20:57:32.997,FSz
797,249,2748,2014-04-22 20:52:58.080,HE
798,249,2750,2014-04-22 20:33:26.827,VÆV
799,249,2751,2014-04-22 20:22:13.020,EMH
800,249,2805,2014-04-22 20:29:28.607,ÞÞ
801,249,2874,2014-04-22 20:30:27.537,AÓA
802,249,2881,2014-04-22 20:57:03.143,PK
803,249,2967,2014-04-22 20:47:56.067,GH
804,249,2971,2014-04-22 20:39:50.460,SKR
805,249,2982,2014-04-22 20:31:12.597,BRV
806,249,3242,2014-04-25 21:01:41.747,HH
807,249,3247,2014-04-25 19:39:24.463,JHG
808,249,3290,2014-04-25 22:10:31.960,SJþi
809,249,3456,2014-04-25 20:12:23.110,ÁBÓ
810,249,3459,2014-04-22 20:56:35.027,STT
811,249,3483,2014-04-29 09:47:19.430,GHG
812,249,3501,2014-04-25 21:57:06.857,AÞB
813,249,3513,2014-04-25 22:04:57.973,JBÞ
814,249,3593,2014-04-22 20:37:30.410,ÞG
815,249,3627,2014-04-25 21:59:21.970,ARÓ
816,249,3768,2014-04-25 21:57:54.677,BM
817,249,3776,2014-04-25 21:52:51.660,ÁB
818,249,3811,2014-04-25 22:05:38.977,THÁ
819,249,3823,2014-04-22 20:48:27.357,SV
820,249,3824,2014-04-22 20:27:37.140,HÁ
821,249,3827,2014-04-22 21:19:21.673,BoB
822,249,3859,2014-04-25 22:04:02.963,EDÓ
823,249,3860,2014-04-25 22:03:04.617,HD
824,249,3865,2014-04-25 22:00:57.080,HÁÞ
825,249,3874,2014-04-22 21:18:50.060,SDB
826,249,3927,2014-04-22 21:19:48.843,HDH
827,249,3935,2014-04-25 22:01:52.660,GHM
828,249,3955,2014-04-25 22:22:35.910,UÁ
829,249,4032,2014-04-25 21:52:05.980,RJG
830,249,4051,2014-04-25 21:48:53.590,ÁLH
831,249,4053,2014-04-25 19:44:31.707,HMB
832,249,4054,2014-04-25 21:48:02.567,AEG
833,249,4108,2014-04-22 20:54:09.520,KFG
834,249,4182,2014-04-25 21:50:01.527,Hda
835,249,4183,2014-04-22 20:39:21.663,VIK
836,249,4184,2014-04-22 20:40:18.950,VJH
837,249,4185,2014-04-22 20:38:33.840,ÆFB
838,249,4560,2014-04-25 21:51:15.223,JB
839,249,4570,2014-04-25 22:53:38.297,SSÓ
